id,nome,sobrenome,email,sexo,ip,data_aniversario
1,Edd,Saket,esaket0@census.gov,Non-binary,57.110.230.141,09/11/1984
2,Krispin,Schaumaker,kschaumaker1@timesonline.co.uk,Non-binary,165.164.158.112,30/10/1983
3,Gerty,Matveichev,gmatveichev2@ibm.com,Male,218.79.241.215,27/11/1998
4,Jamill,Dakhov,jdakhov3@woothemes.com,Female,182.130.220.80,05/11/1982
5,Sheffy,Clackers,sclackers4@netlog.com,Female,130.48.173.230,11/03/1991
6,Shurwood,Niccolls,sniccolls5@printfriendly.com,Genderfluid,162.122.161.150,19/03/1998
7,Spence,Fenning,sfenning6@apple.com,Female,60.2.85.12,18/02/2007
8,Michel,Batham,mbatham7@simplemachines.org,Male,193.210.76.194,13/06/2007
9,Ronny,Currell,rcurrell8@dyndns.org,Agender,146.224.89.45,29/05/2006
10,Odo,Duligal,oduligal9@sitemeter.com,Female,11.181.104.65,14/04/1991
11,Lucius,Gunning,lgunninga@chronoengine.com,Male,5.16.109.33,31/08/1991
12,Ramsay,Nutbeam,rnutbeamb@wordpress.org,Male,127.191.64.47,23/08/2010
13,Kessia,Cownden,kcowndenc@hao123.com,Polygender,238.154.9.159,02/11/1980
14,Normie,Trobridge,ntrobridged@ow.ly,Genderfluid,174.47.143.31,04/03/1985
15,Wallas,Sheldrake,wsheldrakee@163.com,Genderfluid,171.49.15.179,02/05/1984
16,Dorette,Hanbury,dhanburyf@yale.edu,Genderqueer,179.255.128.132,01/12/1986
17,Clint,Dibdin,cdibding@google.ru,Bigender,102.15.63.14,29/04/1995
18,Cristal,Adcock,cadcockh@npr.org,Male,62.89.89.131,12/11/1985
19,Ewart,Hartland,ehartlandi@gizmodo.com,Agender,146.213.9.151,07/02/1986
20,Ula,Herity,uherityj@360.cn,Genderqueer,21.35.163.20,28/07/1983
21,Inge,MacKissack,imackissackk@samsung.com,Male,47.117.4.2,10/09/1981
22,Jasmine,Bracknell,jbracknelll@fastcompany.com,Non-binary,57.105.171.210,12/05/2003
23,Leanor,Rumens,lrumensm@baidu.com,Male,88.20.251.55,03/05/1984
24,Alonso,Liepmann,aliepmannn@alibaba.com,Genderqueer,238.208.101.23,30/06/1980
25,Klaus,Radbourn,kradbourno@ow.ly,Female,63.91.80.67,26/09/2006
26,Ced,Seargeant,cseargeantp@reddit.com,Genderfluid,181.31.154.152,04/04/1985
27,Pavia,Stivey,pstiveyq@zdnet.com,Bigender,145.100.169.203,01/10/2003
28,Devi,Hirtz,dhirtzr@xinhuanet.com,Genderqueer,82.173.58.45,09/05/1986
29,Darsie,Dalrymple,ddalrymples@istockphoto.com,Genderqueer,65.185.136.225,31/10/1983
30,Ettie,Duckworth,educkwortht@jugem.jp,Agender,159.58.157.152,14/03/1986
31,Walther,Cosbee,wcosbeeu@mozilla.com,Genderfluid,108.150.220.113,03/03/2001
32,Taryn,Karlsson,tkarlssonv@arstechnica.com,Genderfluid,61.136.95.186,20/05/2002
33,Margareta,Kislingbury,mkislingburyw@amazon.co.jp,Agender,188.112.150.54,24/12/1988
34,Anjela,Hardware,ahardwarex@nih.gov,Genderfluid,10.54.138.130,29/08/2008
35,Chere,Cottem,ccottemy@netvibes.com,Female,139.189.26.150,01/08/1994
36,Kathleen,Lockhart,klockhartz@ted.com,Bigender,168.208.2.197,30/11/2000
37,Vin,Matzaitis,vmatzaitis10@mapquest.com,Genderfluid,32.207.146.224,05/08/1985
38,Ambrosio,Simkin,asimkin11@tumblr.com,Agender,162.223.204.81,04/09/1987
39,Nettle,Branche,nbranche12@simplemachines.org,Agender,7.11.118.43,04/03/2003
40,Patrick,Cawdell,pcawdell13@boston.com,Polygender,185.80.169.7,28/05/2003
41,Augustina,Levis,alevis14@g.co,Genderfluid,158.189.99.225,12/05/1982
42,Ozzy,Herreros,oherreros15@github.io,Polygender,176.66.140.6,25/02/1994
43,Durante,Aimable,daimable16@clickbank.net,Polygender,132.58.31.78,31/10/1997
44,Valene,Cupitt,vcupitt17@paypal.com,Genderqueer,229.71.87.220,17/08/2006
45,Artus,McGlue,amcglue18@de.vu,Female,54.78.101.18,20/05/2005
46,Petr,Girardeau,pgirardeau19@economist.com,Genderfluid,227.209.150.172,22/07/1993
47,Camey,Dugget,cdugget1a@paypal.com,Non-binary,168.99.165.129,14/07/1988
48,Wilek,Quelch,wquelch1b@msn.com,Female,160.235.122.204,06/12/1985
49,Bartram,Jiles,bjiles1c@delicious.com,Bigender,189.142.77.94,22/03/1997
50,Katharine,Kibbee,kkibbee1d@rediff.com,Genderfluid,215.24.177.61,31/01/2007
51,Alfie,Lampert,alampert1e@smugmug.com,Genderqueer,122.98.166.188,03/09/1994
52,Zara,Ubsdale,zubsdale1f@wisc.edu,Genderfluid,28.17.6.26,23/05/2002
53,Chrysler,McCrudden,cmccrudden1g@nydailynews.com,Female,50.243.130.9,08/01/2008
54,Franklin,Collin,fcollin1h@shop-pro.jp,Genderqueer,151.26.53.109,28/07/1980
55,Wallie,Jerromes,wjerromes1i@e-recht24.de,Polygender,60.9.221.34,08/12/1980
56,Amos,Vasey,avasey1j@mapy.cz,Polygender,31.12.30.8,03/12/1980
57,Broddy,Vipan,bvipan1k@nasa.gov,Female,96.254.155.95,29/01/1993
58,Chrysler,Luckcuck,cluckcuck1l@sphinn.com,Genderfluid,19.38.138.227,12/01/1984
59,Georgetta,Cheeld,gcheeld1m@google.com,Genderfluid,137.118.40.82,05/07/1984
60,Dora,Cornell,dcornell1n@wunderground.com,Non-binary,216.69.213.193,27/08/1996
61,Ambrosi,Stobie,astobie1o@miibeian.gov.cn,Agender,210.237.38.34,22/11/1989
62,Melodie,Leban,mleban1p@i2i.jp,Polygender,183.172.175.199,30/08/1994
63,Charmine,Heckle,checkle1q@histats.com,Non-binary,241.81.7.0,05/09/1987
64,Hoebart,Burgon,hburgon1r@hao123.com,Genderfluid,44.139.55.254,25/01/1986
65,Zabrina,Dealy,zdealy1s@eventbrite.com,Polygender,163.123.96.215,23/03/1995
66,Evangelina,Garshore,egarshore1t@sourceforge.net,Polygender,65.4.77.113,13/04/2007
67,Lanie,Scottesmoor,lscottesmoor1u@cpanel.net,Agender,38.85.193.42,18/01/2006
68,Frasier,Skeel,fskeel1v@domainmarket.com,Genderqueer,233.35.73.96,29/01/1996
69,Eal,Carillo,ecarillo1w@ask.com,Genderqueer,108.68.108.226,26/10/2009
70,Donni,Faires,dfaires1x@kickstarter.com,Bigender,166.201.197.27,26/04/1998
71,Melonie,Carriage,mcarriage1y@pcworld.com,Bigender,220.233.224.113,09/03/2009
72,Obediah,McIlvoray,omcilvoray1z@ehow.com,Genderqueer,218.217.124.109,20/07/1981
73,Thea,Mullineux,tmullineux20@cpanel.net,Genderqueer,99.147.47.83,07/10/2008
74,Inness,Alston,ialston21@guardian.co.uk,Agender,193.218.30.111,11/06/1989
75,Livvy,Arnefield,larnefield22@bizjournals.com,Genderqueer,248.78.99.14,18/06/2008
76,Ebony,Sibbald,esibbald23@clickbank.net,Female,224.133.80.56,16/12/1995
77,Nata,Challicombe,nchallicombe24@deviantart.com,Bigender,136.198.60.189,03/05/2001
78,Jamie,Plevin,jplevin25@toplist.cz,Male,80.82.122.27,09/07/1983
79,Shane,Wearing,swearing26@amazon.co.uk,Polygender,167.156.11.196,13/04/2008
80,Claiborne,Berfoot,cberfoot27@seattletimes.com,Genderfluid,70.39.242.255,02/11/2002
81,Fredericka,McRinn,fmcrinn28@china.com.cn,Bigender,64.198.118.252,17/11/2004
82,Minnie,MacIlhargy,mmacilhargy29@loc.gov,Genderqueer,103.22.145.195,14/10/1984
83,Myrtia,Hawthorn,mhawthorn2a@twitter.com,Non-binary,158.114.249.203,25/08/2004
84,Emmaline,Shallcroff,eshallcroff2b@disqus.com,Bigender,162.204.226.70,30/03/1985
85,Sapphira,Insworth,sinsworth2c@intel.com,Genderfluid,66.167.182.158,12/11/2003
86,Beltran,Tombleson,btombleson2d@arstechnica.com,Polygender,176.167.101.252,09/12/2000
87,Gaynor,Hindrick,ghindrick2e@springer.com,Polygender,81.173.193.1,01/10/1998
88,Horatio,Collard,hcollard2f@elegantthemes.com,Female,226.109.101.183,18/01/2003
89,Vincent,Clewlow,vclewlow2g@biglobe.ne.jp,Genderqueer,113.136.13.237,10/04/2007
90,Gunner,Kesterton,gkesterton2h@chronoengine.com,Genderfluid,27.31.215.76,08/05/1981
91,Drusie,Rust,drust2i@cam.ac.uk,Male,20.45.45.219,04/01/1981
92,Cary,Drescher,cdrescher2j@ovh.net,Non-binary,68.96.20.205,23/07/2009
93,Dinnie,Ravilious,dravilious2k@1688.com,Genderqueer,17.113.58.22,12/07/2009
94,Chanda,Domerque,cdomerque2l@fastcompany.com,Non-binary,202.104.68.241,08/10/2006
95,Marcello,Ede,mede2m@technorati.com,Bigender,107.252.215.14,21/07/2009
96,Ted,Higginbottam,thigginbottam2n@feedburner.com,Non-binary,48.58.145.130,01/06/1991
97,Elonore,Goracci,egoracci2o@google.it,Genderfluid,179.174.54.135,15/09/1999
98,Spike,Epelett,sepelett2p@storify.com,Bigender,66.157.78.178,06/08/1992
99,Hervey,Vahl,hvahl2q@merriam-webster.com,Agender,8.35.176.25,12/01/1993
100,Scarface,Simonazzi,ssimonazzi2r@altervista.org,Male,251.155.21.115,01/04/1985
101,Hurlee,Corbet,hcorbet2s@sciencedirect.com,Bigender,105.24.232.199,26/11/1992
102,Hewet,Jebb,hjebb2t@dell.com,Genderfluid,211.69.38.99,17/01/1982
103,Sybil,Brigstock,sbrigstock2u@va.gov,Genderfluid,249.218.109.196,15/08/1994
104,Hinda,Kubat,hkubat2v@columbia.edu,Bigender,59.65.173.1,22/03/1982
105,Basilio,Ollerearnshaw,bollerearnshaw2w@skype.com,Non-binary,186.141.220.97,16/02/2010
106,Adiana,Stump,astump2x@cornell.edu,Agender,244.128.138.126,03/09/1993
107,Dedie,Spier,dspier2y@cornell.edu,Genderfluid,28.88.189.32,02/02/1994
108,Fifine,Diggle,fdiggle2z@sbwire.com,Male,127.106.179.146,06/06/2000
109,Artur,Gaenor,agaenor30@google.de,Agender,182.94.121.190,29/04/1989
110,Sanderson,Ellph,sellph31@wired.com,Male,15.132.139.113,14/12/1993
111,Harlan,Swindlehurst,hswindlehurst32@hc360.com,Non-binary,201.199.125.29,13/12/2003
112,Othilie,Prandoni,oprandoni33@shop-pro.jp,Genderqueer,151.206.223.213,08/01/1990
113,Titos,Wasbrough,twasbrough34@360.cn,Agender,185.203.131.248,07/02/1994
114,Othilia,Kelle,okelle35@geocities.jp,Non-binary,198.102.151.203,28/01/2001
115,Hally,Chittey,hchittey36@jimdo.com,Agender,234.179.235.169,16/09/2006
116,Freddy,Crewdson,fcrewdson37@w3.org,Female,21.220.232.253,02/10/1983
117,Storm,Willows,swillows38@sogou.com,Non-binary,207.54.190.157,12/03/2006
118,Elke,Filchakov,efilchakov39@usda.gov,Non-binary,137.138.168.155,23/03/1996
119,Cally,Crowdace,ccrowdace3a@github.io,Female,167.85.175.160,07/10/1980
120,Dietrich,Ipplett,dipplett3b@yellowpages.com,Agender,76.52.157.130,25/03/1991
121,Roshelle,Malsher,rmalsher3c@slashdot.org,Non-binary,198.247.135.3,11/11/2001
122,Starla,Atter,satter3d@nps.gov,Non-binary,130.2.155.215,18/05/1984
123,Barbee,Janks,bjanks3e@infoseek.co.jp,Polygender,11.32.217.176,12/06/2009
124,Cary,Gage,cgage3f@princeton.edu,Bigender,251.57.74.18,31/12/2005
125,Abigail,Balma,abalma3g@blinklist.com,Genderfluid,181.83.111.90,26/11/2004
126,Lemar,Rispine,lrispine3h@goo.ne.jp,Bigender,46.171.235.67,06/09/2007
127,Boyce,Ceillier,bceillier3i@paypal.com,Female,242.151.98.32,10/10/1991
128,Sonny,Baines,sbaines3j@indiatimes.com,Non-binary,241.127.70.16,29/07/1994
129,Alexina,Craske,acraske3k@ask.com,Genderqueer,235.102.229.152,02/11/1987
130,Dorise,Dykins,ddykins3l@scribd.com,Male,54.252.153.145,12/02/2006
131,Brinna,Mccaull,bmccaull3m@fema.gov,Bigender,245.137.249.133,18/03/1988
132,Arnoldo,Mitkin,amitkin3n@exblog.jp,Male,105.81.149.250,01/07/1986
133,Wilton,Whatford,wwhatford3o@meetup.com,Non-binary,222.44.98.152,08/09/2002
134,Zebedee,Barnfather,zbarnfather3p@cbslocal.com,Genderqueer,103.254.75.107,02/09/2003
135,Cross,Swanton,cswanton3q@livejournal.com,Female,215.161.88.90,13/08/2001
136,Huntley,Odeson,hodeson3r@vinaora.com,Female,33.252.83.69,23/05/1997
137,Bibbye,Foston,bfoston3s@ucsd.edu,Agender,39.178.220.127,09/04/1997
138,Rusty,Peggs,rpeggs3t@hao123.com,Non-binary,133.112.186.186,04/11/2005
139,Norman,Grut,ngrut3u@bravesites.com,Polygender,222.115.177.151,23/12/2007
140,Geneva,Pheasant,gpheasant3v@privacy.gov.au,Polygender,175.237.207.162,15/04/1989
141,Ruthe,Ducaen,rducaen3w@jugem.jp,Non-binary,45.124.84.143,01/02/2001
142,Rickie,Pestell,rpestell3x@oaic.gov.au,Genderfluid,209.89.77.251,15/01/2002
143,Sarge,Gaymer,sgaymer3y@spiegel.de,Non-binary,170.234.147.183,25/05/1996
144,Jaquith,Alday,jalday3z@go.com,Genderfluid,37.61.253.200,23/05/1992
145,Crysta,Crampsy,ccrampsy40@mail.ru,Male,188.228.180.79,20/10/1994
146,Butch,Huzzay,bhuzzay41@who.int,Male,9.78.63.235,27/08/1993
147,Leyla,Deek,ldeek42@rediff.com,Non-binary,191.246.214.200,21/12/1984
148,Ramonda,Gellier,rgellier43@walmart.com,Agender,69.238.106.191,07/12/1999
149,Amber,Cypler,acypler44@tripod.com,Non-binary,25.201.229.145,15/02/1982
150,Standford,Kleszinski,skleszinski45@smh.com.au,Female,216.68.186.135,26/06/1995
151,Gweneth,Sabban,gsabban46@youku.com,Agender,251.233.194.17,26/10/2007
152,Sybil,MacCurley,smaccurley47@ca.gov,Non-binary,138.248.52.132,24/08/1995
153,Friederike,Bernardt,fbernardt48@usnews.com,Genderqueer,213.255.204.210,25/09/1980
154,Concordia,Philpotts,cphilpotts49@slideshare.net,Agender,2.240.153.208,26/11/1999
155,Jackie,Briars,jbriars4a@godaddy.com,Male,12.212.178.9,29/11/2001
156,Rockie,Fenck,rfenck4b@springer.com,Genderqueer,253.31.30.46,11/07/2001
157,Aron,Mintoff,amintoff4c@facebook.com,Genderfluid,148.105.62.153,21/10/1991
158,Loreen,McGawn,lmcgawn4d@surveymonkey.com,Male,25.139.154.132,05/12/2006
159,Kenon,Chate,kchate4e@booking.com,Agender,120.222.20.6,02/09/2002
160,Vic,Covil,vcovil4f@barnesandnoble.com,Male,192.86.165.80,15/11/2010
161,Karrah,Stollery,kstollery4g@comcast.net,Genderqueer,21.92.21.60,24/03/1985
162,Arlan,Sowrah,asowrah4h@artisteer.com,Bigender,171.81.199.122,13/07/1995
163,Rikki,Adrienne,radrienne4i@google.nl,Genderqueer,227.124.101.92,11/07/1986
164,Paulie,Jordon,pjordon4j@slashdot.org,Polygender,99.55.83.176,02/07/2006
165,Allayne,Ruilton,aruilton4k@nih.gov,Agender,73.163.204.8,17/03/1997
166,Aggy,Richten,arichten4l@addtoany.com,Agender,150.40.147.196,20/11/2000
167,Ignatius,Cronchey,icronchey4m@angelfire.com,Agender,115.129.191.31,18/08/1984
168,Pattin,Yanne,pyanne4n@gravatar.com,Polygender,244.11.208.165,12/01/1981
169,Cecil,Bayle,cbayle4o@newsvine.com,Genderfluid,174.224.62.223,01/02/1981
170,Marlow,Truwert,mtruwert4p@joomla.org,Polygender,233.199.240.77,18/02/1990
171,Andriette,Gadie,agadie4q@thetimes.co.uk,Genderqueer,235.53.23.123,08/08/1989
172,Cord,Blacksland,cblacksland4r@nifty.com,Female,53.42.143.149,11/02/1998
173,Shadow,Siemandl,ssiemandl4s@amazon.de,Genderqueer,170.156.219.16,10/02/2005
174,Meagan,Fraczak,mfraczak4t@springer.com,Non-binary,98.36.141.74,06/07/2009
175,Tristan,Common,tcommon4u@discuz.net,Bigender,59.246.176.153,09/10/1984
176,Miguel,Crut,mcrut4v@google.de,Polygender,7.70.242.144,17/10/1999
177,Willi,Brownett,wbrownett4w@sakura.ne.jp,Female,111.204.192.150,23/01/2001
178,Nessa,Whitemarsh,nwhitemarsh4x@imdb.com,Female,214.62.81.191,16/06/1985
179,Faunie,Mowat,fmowat4y@blog.com,Genderqueer,104.2.140.140,18/08/1982
180,Lucinda,Pesselt,lpesselt4z@instagram.com,Bigender,9.109.137.226,11/05/2001
181,Massimiliano,Beggin,mbeggin50@wikia.com,Female,32.244.112.248,12/12/1982
182,Mayor,Blakeden,mblakeden51@amazon.de,Female,86.144.226.39,01/01/1980
183,Inez,Plascott,iplascott52@netlog.com,Polygender,205.199.158.37,03/09/2003
184,Selene,Dedenham,sdedenham53@theguardian.com,Male,56.34.98.10,29/12/2000
185,Sam,Utridge,sutridge54@hc360.com,Genderqueer,220.197.231.139,01/07/2010
186,Corina,Sutton,csutton55@wufoo.com,Agender,20.208.238.168,09/02/2003
187,Smitty,Letcher,sletcher56@ow.ly,Genderqueer,163.85.58.52,23/07/1992
188,Filippa,Hardway,fhardway57@mtv.com,Genderfluid,108.148.15.129,18/04/1987
189,Juana,Tamburo,jtamburo58@meetup.com,Genderqueer,76.52.60.30,12/06/1998
190,Hermina,Magner,hmagner59@photobucket.com,Genderqueer,59.93.76.20,02/11/2000
191,Erin,Burling,eburling5a@163.com,Bigender,229.132.63.71,23/03/1996
192,Beverlee,Maskrey,bmaskrey5b@furl.net,Genderfluid,235.32.6.135,11/04/1994
193,Zorah,Keoghan,zkeoghan5c@tinypic.com,Genderfluid,9.91.230.135,03/04/1989
194,Geordie,Sanham,gsanham5d@bing.com,Female,76.136.31.47,18/06/1985
195,Janette,McAlindon,jmcalindon5e@dailymotion.com,Non-binary,224.22.48.194,28/01/2003
196,Harley,Horsted,hhorsted5f@businessweek.com,Non-binary,187.73.176.248,28/01/1980
197,Nanine,Solomon,nsolomon5g@amazon.com,Female,52.19.229.50,23/06/1992
198,Hardy,Cultcheth,hcultcheth5h@hud.gov,Bigender,83.52.214.16,12/03/1987
199,Weylin,Borgnol,wborgnol5i@house.gov,Genderqueer,131.147.101.239,11/06/1991
200,Mariejeanne,Gilbanks,mgilbanks5j@mapy.cz,Genderfluid,164.146.190.163,01/04/1981
201,Babb,Glencros,bglencros5k@vkontakte.ru,Male,54.132.222.253,29/12/1996
202,Ingaberg,Castrillo,icastrillo5l@ustream.tv,Genderqueer,58.100.218.187,12/03/1984
203,Dallas,Creevy,dcreevy5m@oracle.com,Genderfluid,178.250.107.230,27/02/1984
204,Dex,Kensett,dkensett5n@google.de,Bigender,213.188.109.155,04/05/1992
205,Aldin,Rolston,arolston5o@seattletimes.com,Non-binary,100.141.192.148,01/09/1995
206,Lauralee,Mioni,lmioni5p@comsenz.com,Genderqueer,209.102.49.224,25/09/1991
207,Catlee,Somerlie,csomerlie5q@pbs.org,Genderqueer,240.68.135.76,02/01/1994
208,Barry,Richold,brichold5r@google.cn,Genderfluid,29.36.161.163,27/03/2000
209,Walton,Balazin,wbalazin5s@foxnews.com,Male,172.135.84.106,06/04/1999
210,Steven,Binney,sbinney5t@deviantart.com,Non-binary,124.38.251.75,23/03/1987
211,Katee,Postlewhite,kpostlewhite5u@youku.com,Genderfluid,78.214.254.151,10/11/2002
212,Eve,De Mars,edemars5v@nature.com,Agender,197.122.202.163,07/07/1987
213,Heda,McCrystal,hmccrystal5w@dmoz.org,Agender,85.94.215.169,10/08/1983
214,Opalina,McGaughay,omcgaughay5x@domainmarket.com,Genderqueer,205.85.155.215,22/02/2003
215,Kirsti,Whebell,kwhebell5y@miitbeian.gov.cn,Non-binary,36.108.54.201,30/01/1991
216,Christina,Hadden,chadden5z@lulu.com,Agender,188.8.233.165,26/06/1994
217,Edan,Grane,egrane60@quantcast.com,Bigender,147.21.112.29,29/12/1990
218,Annissa,Silly,asilly61@home.pl,Female,200.32.109.68,14/07/1997
219,Joye,Scripture,jscripture62@webeden.co.uk,Male,241.246.10.90,29/03/2007
220,Mair,Forder,mforder63@dedecms.com,Male,79.134.70.249,10/11/2004
221,Chelsea,Capenor,ccapenor64@marriott.com,Female,27.42.234.221,15/11/1986
222,Tania,MacAlees,tmacalees65@samsung.com,Genderfluid,216.21.254.225,25/11/1999
223,Brod,Tisor,btisor66@bbb.org,Agender,195.243.211.117,27/02/2001
224,Renie,Whitmarsh,rwhitmarsh67@vimeo.com,Non-binary,2.4.226.22,23/11/1991
225,Anselma,Bransgrove,abransgrove68@gmpg.org,Male,216.228.167.204,01/02/1998
226,Neilla,Janko,njanko69@digg.com,Female,92.182.193.0,26/10/2009
227,Ursola,Ashdown,uashdown6a@discuz.net,Polygender,254.180.204.185,18/02/1982
228,Palm,Manjot,pmanjot6b@reddit.com,Male,162.108.118.51,28/11/2010
229,Britney,Garrat,bgarrat6c@wix.com,Genderqueer,248.83.23.170,09/05/1989
230,Olivia,Acome,oacome6d@surveymonkey.com,Genderfluid,79.126.243.231,12/10/1983
231,Merna,Rickhuss,mrickhuss6e@instagram.com,Female,237.35.128.205,11/10/1988
232,Jo ann,Trimmill,jtrimmill6f@chron.com,Agender,203.84.163.202,23/09/2009
233,Serena,Leeson,sleeson6g@mapy.cz,Non-binary,108.151.214.183,15/07/2005
234,Shae,Matveyev,smatveyev6h@smh.com.au,Male,151.79.43.6,11/10/1983
235,Thor,Menure,tmenure6i@bbc.co.uk,Male,97.110.46.101,25/05/1981
236,Carley,Penwarden,cpenwarden6j@vimeo.com,Agender,15.179.105.241,07/06/1990
237,Celisse,Bonniface,cbonniface6k@marriott.com,Female,165.148.214.98,01/12/2008
238,Flor,Kemme,fkemme6l@naver.com,Bigender,80.200.43.236,12/09/1991
239,Paolo,Brittain,pbrittain6m@linkedin.com,Male,226.98.93.234,06/02/2006
240,Kath,Hoggins,khoggins6n@devhub.com,Agender,69.122.135.216,26/09/1998
241,Brent,Lammiman,blammiman6o@umich.edu,Non-binary,5.0.147.227,03/03/1981
242,Ezechiel,Guerreiro,eguerreiro6p@etsy.com,Non-binary,82.10.239.132,04/12/1992
243,Hewie,Kellert,hkellert6q@prlog.org,Bigender,34.109.172.94,17/06/2007
244,Collie,Golt,cgolt6r@over-blog.com,Genderfluid,110.203.249.253,21/03/1993
245,Cesar,Poleye,cpoleye6s@squidoo.com,Female,196.165.48.200,29/05/1983
246,Revkah,Banghe,rbanghe6t@disqus.com,Bigender,94.39.144.172,28/03/2002
247,Rodrick,Pemble,rpemble6u@so-net.ne.jp,Non-binary,163.32.199.6,25/05/2007
248,Noach,Kirlin,nkirlin6v@last.fm,Polygender,157.173.96.232,01/06/1991
249,Mycah,Scollick,mscollick6w@booking.com,Female,124.237.223.177,13/01/2000
250,Peg,Hunnam,phunnam6x@xinhuanet.com,Male,146.150.226.77,11/05/1987
251,Dru,Culross,dculross6y@drupal.org,Polygender,248.84.106.164,04/03/2000
252,Ludovico,Lethem,llethem6z@foxnews.com,Bigender,203.118.93.107,28/11/1985
253,Uri,Faithorn,ufaithorn70@reverbnation.com,Genderfluid,43.77.130.30,08/11/1984
254,Natale,Fawke,nfawke71@answers.com,Genderfluid,115.209.118.25,23/07/1981
255,Yetta,Cavilla,ycavilla72@fda.gov,Agender,253.143.193.82,23/01/1987
256,Reggi,Nickols,rnickols73@bloomberg.com,Polygender,138.188.5.183,23/07/1989
257,Rockie,Maydway,rmaydway74@privacy.gov.au,Agender,114.153.2.88,13/09/1985
258,Nada,Dobrowolny,ndobrowolny75@cargocollective.com,Non-binary,5.210.149.56,06/05/2007
259,Glendon,Chesterton,gchesterton76@microsoft.com,Female,60.14.37.33,18/06/2004
260,Cissiee,Pennicard,cpennicard77@ifeng.com,Genderqueer,247.59.191.171,19/04/1990
261,Euphemia,Wisdom,ewisdom78@pbs.org,Polygender,250.139.252.5,14/06/1994
262,Toddie,Cavendish,tcavendish79@yale.edu,Male,255.166.90.173,28/10/1987
263,Courtney,Lacey,clacey7a@dot.gov,Genderfluid,95.162.214.47,13/01/1989
264,Jephthah,Rowesby,jrowesby7b@ehow.com,Genderfluid,220.8.126.200,23/10/1996
265,Luce,Duckworth,lduckworth7c@statcounter.com,Agender,118.193.161.120,30/01/1992
266,Micheal,Zimmermanns,mzimmermanns7d@qq.com,Male,119.216.32.84,02/12/1996
267,Lilyan,Farlow,lfarlow7e@toplist.cz,Non-binary,67.243.217.175,10/04/1982
268,Nathanael,Baggs,nbaggs7f@dropbox.com,Female,165.123.221.143,15/07/1983
269,Verla,Fryatt,vfryatt7g@bandcamp.com,Bigender,240.108.180.201,04/01/1988
270,Isidro,Kean,ikean7h@bizjournals.com,Non-binary,195.253.219.61,04/04/2003
271,Lindie,Young,lyoung7i@washingtonpost.com,Male,167.78.170.46,06/06/1985
272,Baily,Greenslade,bgreenslade7j@bravesites.com,Non-binary,195.189.135.226,08/04/2010
273,Elisabeth,Gammon,egammon7k@ucoz.com,Genderqueer,253.71.77.198,01/01/1986
274,Merl,Waddams,mwaddams7l@independent.co.uk,Genderqueer,7.109.56.138,05/04/1996
275,Baron,Beningfield,bbeningfield7m@fastcompany.com,Polygender,17.163.46.4,04/10/2001
276,Suzette,McVicker,smcvicker7n@paginegialle.it,Agender,3.33.201.173,03/11/1996
277,Noelani,Antonignetti,nantonignetti7o@sitemeter.com,Non-binary,123.211.163.65,25/09/2007
278,Pete,Benner,pbenner7p@unblog.fr,Female,242.2.101.214,17/06/1999
279,Giorgio,Rees,grees7q@cisco.com,Non-binary,130.224.50.61,01/12/1981
280,Delores,Balloch,dballoch7r@nasa.gov,Polygender,206.135.226.103,16/07/1997
281,Heda,De Ortega,hdeortega7s@tuttocitta.it,Female,45.252.75.13,22/11/2000
282,Diena,Jochens,djochens7t@ftc.gov,Genderfluid,45.245.223.126,20/01/2002
283,Elana,Undy,eundy7u@over-blog.com,Genderfluid,245.191.75.13,23/12/2000
284,Riordan,Bonnet,rbonnet7v@so-net.ne.jp,Female,46.3.38.142,27/09/2004
285,Nara,Barts,nbarts7w@irs.gov,Polygender,204.145.180.231,25/04/2000
286,Kent,Ethelstone,kethelstone7x@slideshare.net,Genderqueer,143.63.170.36,02/03/1995
287,Antoinette,Trapp,atrapp7y@jigsy.com,Agender,19.153.251.39,15/05/1982
288,Axe,Johl,ajohl7z@telegraph.co.uk,Genderqueer,3.25.181.215,06/09/1989
289,Stephen,Brierley,sbrierley80@tumblr.com,Non-binary,40.152.122.92,22/06/1999
290,Jean,Glencrosche,jglencrosche81@arizona.edu,Female,121.42.70.40,27/06/1994
291,Rochester,Johananov,rjohananov82@nba.com,Genderfluid,65.105.161.248,15/07/1999
292,Almire,Roblett,aroblett83@java.com,Bigender,82.240.51.43,13/06/1988
293,Olenka,Leifer,oleifer84@psu.edu,Bigender,190.145.140.153,21/09/2004
294,Marcellina,Wathell,mwathell85@godaddy.com,Agender,19.43.175.88,26/05/1982
295,Ryun,Showers,rshowers86@gov.uk,Agender,73.34.21.248,17/10/1996
296,Tedie,Jeannin,tjeannin87@fema.gov,Genderqueer,101.130.147.7,05/09/1986
297,Rhianna,Drysdell,rdrysdell88@icq.com,Male,208.2.107.205,02/10/1988
298,Fedora,Brabon,fbrabon89@uiuc.edu,Genderfluid,255.237.81.203,15/07/1997
299,Vladimir,Davidovic,vdavidovic8a@youtu.be,Polygender,128.39.203.200,30/03/2004
300,Lyell,O' Dooley,lodooley8b@posterous.com,Male,12.17.204.64,28/02/1996
301,Haroun,Scullion,hscullion8c@reddit.com,Bigender,107.126.68.148,19/12/2001
302,Dulcia,Connett,dconnett8d@github.com,Bigender,87.230.81.228,13/01/1980
303,Michaela,Hourihan,mhourihan8e@springer.com,Female,206.220.254.138,21/02/2006
304,Chrisy,Kuschel,ckuschel8f@yelp.com,Male,206.71.112.63,20/04/1995
305,Emilie,McWhorter,emcwhorter8g@instagram.com,Polygender,8.134.176.65,17/02/1983
306,Gilberto,Hirsch,ghirsch8h@hud.gov,Bigender,86.54.174.174,10/08/2010
307,Corrina,Alaway,calaway8i@shutterfly.com,Bigender,46.181.105.34,13/11/2006
308,Ebony,Audley,eaudley8j@latimes.com,Polygender,211.104.223.253,23/07/1982
309,Alair,Swallwell,aswallwell8k@aboutads.info,Genderqueer,222.100.255.95,28/11/2004
310,Cordy,Conlaund,cconlaund8l@nature.com,Agender,160.96.189.213,02/04/1985
311,Piotr,Brand,pbrand8m@tiny.cc,Female,111.190.174.149,20/02/1994
312,Cristabel,Tutill,ctutill8n@adobe.com,Genderqueer,39.114.157.230,23/02/1983
313,Willa,Oxbie,woxbie8o@bizjournals.com,Female,106.87.150.24,13/03/1992
314,Erny,Cantera,ecantera8p@bloglovin.com,Non-binary,3.15.240.204,21/09/1994
315,Abrahan,Cristofolini,acristofolini8q@newsvine.com,Genderfluid,249.226.130.70,26/06/1999
316,Dell,Couling,dcouling8r@reverbnation.com,Polygender,181.72.169.173,31/12/1990
317,Nikolas,Durward,ndurward8s@accuweather.com,Bigender,255.53.212.220,24/06/1984
318,Stinky,Snoad,ssnoad8t@bluehost.com,Genderfluid,23.198.28.237,18/11/2000
319,Stinky,Spellworth,sspellworth8u@canalblog.com,Polygender,75.225.184.166,18/11/1996
320,Therese,McMechan,tmcmechan8v@ucla.edu,Genderqueer,153.13.244.230,04/12/2000
321,Alikee,Mesant,amesant8w@networkadvertising.org,Genderqueer,201.164.136.101,03/09/1988
322,Ferne,Berrycloth,fberrycloth8x@simplemachines.org,Agender,57.138.146.133,08/08/1999
323,Jared,McDonagh,jmcdonagh8y@pagesperso-orange.fr,Non-binary,3.210.210.107,15/09/2001
324,Joela,O'Crigan,jocrigan8z@forbes.com,Non-binary,154.95.127.58,08/02/1986
325,Corbie,Totaro,ctotaro90@telegraph.co.uk,Genderqueer,83.55.178.203,24/10/2006
326,Bibbie,Stango,bstango91@skype.com,Agender,60.121.27.59,14/03/2005
327,Jarret,Musk,jmusk92@reference.com,Agender,115.218.218.96,25/06/1995
328,Anna-diane,Ramshay,aramshay93@list-manage.com,Polygender,29.248.162.33,28/08/2002
329,Zacharias,Cristofol,zcristofol94@macromedia.com,Agender,251.230.153.175,07/04/2010
330,Leila,Lumby,llumby95@google.ca,Male,185.238.71.217,13/02/2007
331,Zachery,Andrysiak,zandrysiak96@cbsnews.com,Bigender,75.144.48.87,31/07/1989
332,Chris,Cunney,ccunney97@rediff.com,Genderqueer,254.47.156.70,19/04/2009
333,Lionel,Saer,lsaer98@utexas.edu,Genderqueer,169.16.125.172,12/12/2009
334,Westleigh,Daniells,wdaniells99@wikia.com,Bigender,49.231.215.77,19/05/1983
335,Lelah,Floris,lfloris9a@sogou.com,Female,98.213.25.25,26/01/1998
336,Holli,Hathaway,hhathaway9b@ezinearticles.com,Polygender,149.50.138.146,21/09/2001
337,Taryn,Simon,tsimon9c@reddit.com,Female,215.121.24.37,29/07/1987
338,Dana,Harvatt,dharvatt9d@is.gd,Genderfluid,103.206.54.165,08/06/2009
339,Nat,Huish,nhuish9e@virginia.edu,Genderqueer,57.31.4.227,26/04/2002
340,Renata,Allcott,rallcott9f@1und1.de,Female,182.206.5.83,13/07/1989
341,Brooks,Britzius,bbritzius9g@constantcontact.com,Bigender,106.30.93.220,14/02/2003
342,Gerti,Glowach,gglowach9h@plala.or.jp,Non-binary,77.225.224.232,07/09/1984
343,Moritz,Tomney,mtomney9i@miibeian.gov.cn,Genderqueer,95.122.47.40,20/01/2000
344,Hymie,Stares,hstares9j@mozilla.org,Genderfluid,68.159.73.159,28/10/2007
345,Bettye,McCready,bmccready9k@alibaba.com,Bigender,143.253.90.45,27/11/1987
346,Gail,Edleston,gedleston9l@thetimes.co.uk,Female,189.191.52.146,08/02/1981
347,Theadora,Bachnic,tbachnic9m@jugem.jp,Genderqueer,255.232.255.250,09/12/1981
348,Gawen,Tidd,gtidd9n@shinystat.com,Male,156.99.53.63,15/07/1991
349,Rosette,Philpin,rphilpin9o@va.gov,Polygender,237.156.58.42,19/09/1995
350,Freda,Serraillier,fserraillier9p@live.com,Agender,31.25.125.227,02/02/1990
351,Constancy,Stoffel,cstoffel9q@usgs.gov,Non-binary,220.84.46.3,24/10/1991
352,Sal,Forten,sforten9r@squidoo.com,Bigender,55.90.2.215,20/10/1992
353,Yettie,Sorbie,ysorbie9s@goo.gl,Male,150.155.76.203,12/08/2002
354,Garv,Dreakin,gdreakin9t@posterous.com,Genderqueer,79.85.105.126,29/07/1985
355,Mathilda,Ditt,mditt9u@unicef.org,Genderfluid,239.37.111.22,24/06/2003
356,Mick,Trotter,mtrotter9v@baidu.com,Polygender,42.86.220.217,06/04/1986
357,Jessa,Spincke,jspincke9w@wordpress.org,Genderqueer,135.249.8.233,21/08/1984
358,Manuel,Biasio,mbiasio9x@abc.net.au,Male,220.35.22.123,03/05/1985
359,Nickey,Oliveira,noliveira9y@ucoz.com,Genderfluid,15.1.120.106,02/04/2005
360,Laurel,Lis,llis9z@archive.org,Non-binary,243.12.121.208,09/05/2008
361,Lowell,Fairfull,lfairfulla0@tamu.edu,Female,244.78.94.196,03/11/1980
362,Sheila,Pearle,spearlea1@umn.edu,Female,232.239.57.11,29/01/1981
363,Diandra,Callister,dcallistera2@artisteer.com,Polygender,115.32.128.131,06/01/2004
364,Saraann,Lanon,slanona3@irs.gov,Polygender,198.0.142.208,15/06/1987
365,Waldo,Reany,wreanya4@yellowbook.com,Female,101.194.68.183,01/10/1990
366,Pammie,Haysar,phaysara5@earthlink.net,Female,98.125.47.62,25/12/1991
367,Loydie,Pheby,lphebya6@hao123.com,Polygender,64.104.130.138,23/11/1998
368,Bryan,Milillo,bmililloa7@imageshack.us,Non-binary,92.125.132.135,28/01/1993
369,Benedicta,Simchenko,bsimchenkoa8@vk.com,Male,217.155.91.70,01/07/1986
370,Gerti,Lisle,glislea9@wikia.com,Non-binary,130.80.177.11,17/12/2006
371,Glori,Delmonti,gdelmontiaa@google.es,Female,46.32.45.178,15/11/2008
372,Neila,Botting,nbottingab@marriott.com,Bigender,225.255.200.230,28/01/1982
373,Cordey,Lythgoe,clythgoeac@ftc.gov,Female,198.187.192.36,08/07/2002
374,Bertie,Sebrook,bsebrookad@si.edu,Male,139.22.196.192,14/08/2000
375,Andrej,Briffett,abriffettae@state.tx.us,Female,244.31.172.221,10/04/1980
376,Rahel,Bedburrow,rbedburrowaf@sciencedirect.com,Bigender,79.45.79.181,01/01/1990
377,Cull,Moneti,cmonetiag@last.fm,Polygender,100.209.20.183,22/01/1993
378,Kelila,Vyel,kvyelah@oaic.gov.au,Agender,134.133.178.153,28/06/1998
379,Fairlie,Stute,fstuteai@dailymotion.com,Male,230.151.196.50,04/10/2008
380,Sydelle,Fasham,sfashamaj@netlog.com,Female,15.121.113.207,13/10/1987
381,Farlay,Spandley,fspandleyak@tamu.edu,Male,131.204.9.197,13/03/1988
382,Hatti,Gabites,hgabitesal@dyndns.org,Genderfluid,159.71.137.4,29/10/1980
383,Claiborne,Surman,csurmanam@washington.edu,Male,92.232.42.184,15/07/1986
384,Lorene,Daviddi,ldaviddian@spotify.com,Polygender,19.24.64.182,10/06/2007
385,Marmaduke,Santus,msantusao@intel.com,Genderqueer,197.180.167.35,21/04/1994
386,Hyatt,Dodding,hdoddingap@rambler.ru,Female,138.26.177.38,13/11/1994
387,Morissa,Malins,mmalinsaq@wix.com,Bigender,137.189.208.184,16/04/1990
388,Walsh,Vasiljevic,wvasiljevicar@prlog.org,Female,97.211.92.180,13/03/1988
389,Adolphus,Dubery,aduberyas@google.co.uk,Male,188.224.219.94,30/01/2003
390,Emanuel,McClounan,emcclounanat@ucsd.edu,Male,131.217.19.240,05/02/2000
391,Chen,Beckers,cbeckersau@issuu.com,Polygender,175.209.21.166,21/09/2009
392,Vladimir,Lambdon,vlambdonav@ft.com,Genderqueer,95.50.158.77,12/04/1987
393,Lucille,Witherow,lwitherowaw@wikimedia.org,Genderfluid,225.108.118.121,30/10/1993
394,Gratiana,Tertre,gtertreax@deliciousdays.com,Polygender,156.34.145.205,22/08/1994
395,Georgina,Ewbank,gewbankay@studiopress.com,Genderfluid,38.159.212.92,02/07/2007
396,Tatiana,Blackwood,tblackwoodaz@virginia.edu,Genderfluid,221.206.119.204,03/05/1985
397,Hubert,Sillis,hsillisb0@princeton.edu,Genderqueer,158.110.17.236,18/12/1984
398,Penelope,Dalgarno,pdalgarnob1@reddit.com,Non-binary,151.234.48.27,25/08/1997
399,Gianina,Gertz,ggertzb2@t-online.de,Female,98.87.163.59,30/10/1985
400,Glenden,L'Archer,glarcherb3@altervista.org,Non-binary,9.13.122.201,18/03/1988
401,Lynnett,Klampk,lklampkb4@yelp.com,Non-binary,192.138.240.39,09/11/2006
402,Noella,Twelvetrees,ntwelvetreesb5@mit.edu,Genderqueer,215.47.20.33,21/03/1982
403,Farrel,Iffland,fifflandb6@chron.com,Bigender,193.103.58.193,25/05/1996
404,Innis,Sivills,isivillsb7@newyorker.com,Agender,215.133.16.61,02/04/1997
405,Kimball,Shingles,kshinglesb8@abc.net.au,Agender,48.219.26.70,03/10/1992
406,Kelvin,Klimkiewich,kklimkiewichb9@craigslist.org,Female,90.251.142.128,30/06/2004
407,Sadie,Philcock,sphilcockba@desdev.cn,Bigender,223.173.183.83,01/02/2008
408,Shermie,Rolfe,srolfebb@barnesandnoble.com,Genderfluid,174.51.86.170,25/09/1988
409,Foster,Aers,faersbc@gravatar.com,Genderqueer,220.44.190.209,01/04/1989
410,Tedda,Fryd,tfrydbd@wufoo.com,Male,74.70.46.242,24/11/2008
411,Bentley,Sally,bsallybe@ibm.com,Genderfluid,249.196.6.250,06/05/1995
412,Bess,Halcro,bhalcrobf@nsw.gov.au,Agender,30.227.48.34,06/03/1987
413,Joshia,Bollon,jbollonbg@webeden.co.uk,Polygender,156.214.17.200,25/05/2010
414,Ansley,Partleton,apartletonbh@craigslist.org,Genderfluid,155.165.191.83,28/06/2009
415,Kath,Goneau,kgoneaubi@biglobe.ne.jp,Female,146.140.17.13,06/06/1989
416,Orion,Rolling,orollingbj@shop-pro.jp,Female,169.244.251.116,30/01/1986
417,Orin,Bangs,obangsbk@yellowbook.com,Non-binary,108.48.94.1,27/05/1980
418,Andie,Kinghorn,akinghornbl@quantcast.com,Genderqueer,247.18.201.167,20/02/2004
419,Verge,Rime,vrimebm@surveymonkey.com,Non-binary,233.160.172.95,15/05/1987
420,Vince,Haward,vhawardbn@columbia.edu,Genderfluid,248.79.171.103,27/12/1997
421,Patrick,Campos,pcamposbo@goodreads.com,Non-binary,239.82.4.244,01/07/1989
422,Sydel,Glavias,sglaviasbp@fema.gov,Genderqueer,92.170.24.208,17/01/2003
423,Luciana,Creber,lcreberbq@dell.com,Non-binary,62.219.67.11,13/05/2002
424,Grace,Pietzke,gpietzkebr@posterous.com,Genderqueer,62.221.129.124,20/02/1980
425,Park,Dagnan,pdagnanbs@mac.com,Genderfluid,80.241.252.171,25/07/1982
426,Harriot,Skillen,hskillenbt@de.vu,Agender,137.124.120.143,05/02/2000
427,Griffith,Burner,gburnerbu@jugem.jp,Genderfluid,192.83.150.55,28/08/1980
428,Mendie,Oade,moadebv@whitehouse.gov,Female,160.98.22.194,06/01/1995
429,Enriqueta,Hamerton,ehamertonbw@vkontakte.ru,Genderqueer,150.75.53.177,24/09/2001
430,Mahmoud,Defraine,mdefrainebx@soundcloud.com,Bigender,5.97.151.114,03/03/2007
431,Eba,Breissan,ebreissanby@netlog.com,Male,247.185.40.136,09/12/1992
432,Clayson,Brook,cbrookbz@tumblr.com,Non-binary,97.136.28.158,27/04/2007
433,Frank,Merredy,fmerredyc0@tripod.com,Non-binary,152.22.67.137,09/12/2000
434,Toddie,Castletine,tcastletinec1@ftc.gov,Genderfluid,74.175.107.93,19/06/1999
435,Barton,Marnane,bmarnanec2@foxnews.com,Polygender,25.59.97.82,07/03/1990
436,Michele,Kirsche,mkirschec3@skype.com,Male,49.13.87.196,09/08/2010
437,Raddie,Winnister,rwinnisterc4@a8.net,Female,211.95.176.14,18/07/1987
438,Georgie,Van Dalen,gvandalenc5@cbsnews.com,Genderqueer,15.237.128.133,10/03/1984
439,Stacie,Pearn,spearnc6@drupal.org,Genderqueer,232.84.62.171,04/07/1993
440,Antonius,Brearley,abrearleyc7@salon.com,Genderqueer,132.128.5.204,15/03/1993
441,Val,Billson,vbillsonc8@upenn.edu,Bigender,53.49.149.5,23/12/1996
442,Juliann,Toppes,jtoppesc9@walmart.com,Male,196.140.200.107,04/07/1981
443,Hester,Zambonini,hzamboninica@indiegogo.com,Non-binary,49.186.11.23,03/06/1995
444,Sheilakathryn,Walesby,swalesbycb@surveymonkey.com,Polygender,223.166.149.141,18/12/1995
445,Jacinthe,Sanja,jsanjacc@xrea.com,Bigender,154.239.255.255,01/04/1988
446,Jerry,Boulds,jbouldscd@foxnews.com,Non-binary,147.174.76.242,10/01/1999
447,Katharine,Camili,kcamilice@independent.co.uk,Genderfluid,181.21.11.6,06/04/1997
448,Stirling,Abby,sabbycf@oaic.gov.au,Non-binary,186.120.124.123,10/01/1985
449,Claiborne,Andrich,candrichcg@themeforest.net,Agender,224.253.64.56,27/06/2002
450,Erin,Caught,ecaughtch@mayoclinic.com,Non-binary,117.198.25.176,25/03/1989
451,Jarib,Hethron,jhethronci@google.ru,Agender,140.124.241.220,24/01/2003
452,Essa,Tinston,etinstoncj@psu.edu,Non-binary,250.190.177.17,04/06/2000
453,Sloane,Guido,sguidock@ted.com,Genderqueer,115.241.213.71,24/03/2010
454,Che,Spykings,cspykingscl@goo.ne.jp,Polygender,114.241.253.205,26/09/2001
455,Caralie,Millington,cmillingtoncm@vkontakte.ru,Female,213.21.144.87,02/09/2006
456,Donetta,Daville,ddavillecn@printfriendly.com,Non-binary,253.51.48.249,20/03/1997
457,Berte,Readett,breadettco@chronoengine.com,Male,150.24.14.17,01/11/1991
458,Kathy,Liversidge,kliversidgecp@theglobeandmail.com,Genderfluid,159.19.141.48,06/06/1997
459,Junette,Sowrah,jsowrahcq@europa.eu,Bigender,124.203.227.189,31/12/1997
460,Riva,Roughan,rroughancr@livejournal.com,Non-binary,206.205.197.94,12/06/1996
461,Giordano,Millership,gmillershipcs@patch.com,Genderqueer,73.120.97.137,22/05/1983
462,Garrett,Gwilt,ggwiltct@scientificamerican.com,Female,237.73.158.54,12/05/1987
463,Esme,Janway,ejanwaycu@i2i.jp,Bigender,9.214.199.147,19/06/2009
464,Bruno,Wardingly,bwardinglycv@blogger.com,Polygender,61.112.239.76,05/10/1993
465,Robinett,Denzey,rdenzeycw@apple.com,Female,96.170.198.197,06/03/2001
466,Dotty,Yakov,dyakovcx@mit.edu,Agender,29.104.14.7,27/11/1990
467,Teddie,Jennins,tjenninscy@simplemachines.org,Bigender,10.172.0.55,27/05/2005
468,Trefor,Guest,tguestcz@reverbnation.com,Agender,123.88.129.30,11/05/1997
469,Caron,Bryce,cbryced0@cam.ac.uk,Genderfluid,106.202.218.69,18/12/1998
470,Hermione,Sleeny,hsleenyd1@phoca.cz,Polygender,214.144.222.52,22/05/2005
471,Welch,Muckle,wmuckled2@rakuten.co.jp,Polygender,125.163.86.219,14/04/2001
472,Gareth,Hanselman,ghanselmand3@usda.gov,Genderqueer,206.177.90.18,13/02/2005
473,Auguste,Breewood,abreewoodd4@yandex.ru,Bigender,154.49.240.224,06/07/2001
474,Jessa,Dykes,jdykesd5@unc.edu,Male,27.181.141.121,14/04/1993
475,Sarah,Barabisch,sbarabischd6@foxnews.com,Genderfluid,17.132.252.58,27/02/1985
476,Lorettalorna,Mabbett,lmabbettd7@jalbum.net,Polygender,95.243.184.138,07/04/1987
477,Eddy,Ewert,eewertd8@goo.ne.jp,Non-binary,11.248.170.18,30/06/1993
478,Lindy,Halfhead,lhalfheadd9@rambler.ru,Bigender,142.185.222.108,18/02/1993
479,Krystalle,Shoubridge,kshoubridgeda@ycombinator.com,Agender,50.58.15.136,02/04/2008
480,Thedric,Giacopello,tgiacopellodb@artisteer.com,Non-binary,147.118.15.247,10/02/1994
481,Alica,Sellan,asellandc@apache.org,Polygender,114.206.119.93,30/12/1981
482,Salomon,Tod,stoddd@jugem.jp,Non-binary,93.201.83.69,21/03/2007
483,Sadye,Axworthy,saxworthyde@redcross.org,Male,225.124.48.24,27/03/1985
484,Farris,Beldham,fbeldhamdf@theatlantic.com,Bigender,186.227.244.22,16/03/1990
485,Xavier,McVitie,xmcvitiedg@webs.com,Genderqueer,17.55.172.166,14/01/1987
486,Samuele,Wolsey,swolseydh@skype.com,Female,211.98.209.93,03/12/2010
487,Ambrosi,Terron,aterrondi@trellian.com,Agender,177.215.155.219,13/11/2003
488,Edd,Arendsen,earendsendj@newsvine.com,Non-binary,95.161.214.20,14/06/2003
489,Jaquelin,Hooban,jhoobandk@oaic.gov.au,Polygender,137.48.104.179,22/01/1999
490,Darius,Trent,dtrentdl@mac.com,Male,33.12.85.126,22/01/1994
491,Ida,Barff,ibarffdm@sciencedaily.com,Genderfluid,4.69.102.88,02/07/1980
492,Colver,Dumbar,cdumbardn@uiuc.edu,Genderfluid,247.81.116.133,10/07/2007
493,Conrade,Newcomen,cnewcomendo@google.com.hk,Bigender,245.255.143.38,10/10/1999
494,Cathie,Hanselmann,chanselmanndp@flavors.me,Polygender,8.187.216.111,10/01/2007
495,Taddeusz,Boskell,tboskelldq@nba.com,Genderfluid,175.20.222.26,26/07/1988
496,Alden,Bryett,abryettdr@simplemachines.org,Genderfluid,219.92.102.153,20/06/1983
497,Kenna,Pink,kpinkds@g.co,Male,42.224.31.96,09/03/1987
498,Annabela,Stiegers,astiegersdt@phpbb.com,Non-binary,205.11.78.137,27/08/1998
499,Jade,Ferraretto,jferrarettodu@answers.com,Polygender,41.184.224.37,20/07/1992
500,Marys,Crombleholme,mcrombleholmedv@ucsd.edu,Non-binary,103.213.251.0,14/08/1980
501,Edin,Hars,eharsdw@istockphoto.com,Genderqueer,73.123.218.222,10/02/2003
502,Cicily,Brient,cbrientdx@facebook.com,Female,248.120.61.118,27/08/1983
503,Mabelle,Mordie,mmordiedy@amazon.co.jp,Polygender,240.107.143.99,07/03/2008
504,Millisent,Bodocs,mbodocsdz@uiuc.edu,Bigender,120.68.164.51,18/09/2000
505,Hector,Alps,halpse0@rambler.ru,Genderfluid,36.46.93.69,04/03/1987
506,Sylas,Penhearow,spenhearowe1@blogger.com,Genderqueer,22.192.176.141,09/07/1980
507,Rollins,Fearick,rfearicke2@themeforest.net,Genderfluid,93.60.236.148,18/11/1992
508,Rodge,Minocchi,rminocchie3@harvard.edu,Female,79.17.207.198,25/08/1995
509,Melba,Molesworth,mmolesworthe4@alexa.com,Genderqueer,252.113.195.38,30/11/1983
510,Juieta,Winchester,jwinchestere5@lulu.com,Genderfluid,121.190.158.121,17/01/1995
511,Dollie,Yate,dyatee6@comsenz.com,Male,225.175.168.134,22/08/2009
512,Clara,Loalday,cloaldaye7@e-recht24.de,Female,141.89.239.189,07/05/1991
513,Maury,Gisborne,mgisbornee8@taobao.com,Genderqueer,166.225.218.88,27/01/1989
514,Siobhan,Butson,sbutsone9@youku.com,Male,253.185.172.234,11/12/1997
515,Berny,Pfleger,bpflegerea@purevolume.com,Agender,186.68.127.125,29/06/2009
516,Annecorinne,Greenham,agreenhameb@dropbox.com,Female,19.174.223.13,30/12/1990
517,Launce,Siely,lsielyec@ning.com,Agender,51.169.252.192,05/03/2008
518,Sharline,Beckhouse,sbeckhouseed@dell.com,Non-binary,216.127.200.232,06/06/1989
519,Gloriane,Twining,gtwiningee@salon.com,Male,179.170.140.105,16/10/1986
520,Jodie,Blei,jbleief@wordpress.org,Genderqueer,27.249.98.210,11/08/1985
521,Guss,Daughtery,gdaughteryeg@1und1.de,Genderqueer,129.142.35.35,30/07/1994
522,Elset,Pachta,epachtaeh@eepurl.com,Male,23.161.20.209,27/08/1980
523,Ingamar,Mulran,imulranei@tuttocitta.it,Non-binary,208.8.1.97,09/02/2002
524,Letty,Gambell,lgambellej@ovh.net,Male,235.213.204.78,29/10/1990
525,Eugenius,Dykas,edykasek@seesaa.net,Male,83.59.196.37,26/08/2010
526,Rance,Nys,rnysel@dedecms.com,Non-binary,8.42.222.77,12/10/2007
527,Minne,Currie,mcurrieem@shutterfly.com,Non-binary,237.11.105.70,07/08/1994
528,Malvina,Spincke,mspinckeen@ocn.ne.jp,Polygender,226.79.247.208,25/02/1984
529,Micheil,Lowton,mlowtoneo@mediafire.com,Genderqueer,40.72.22.236,08/08/1984
530,Juditha,Dorrell,jdorrellep@hugedomains.com,Female,222.184.173.2,18/04/1989
531,Stephana,Stronach,sstronacheq@wired.com,Polygender,233.52.230.171,05/01/2007
532,Grissel,Lande,glandeer@cafepress.com,Female,195.238.26.10,14/07/1998
533,Chrotoem,Ortells,cortellses@issuu.com,Agender,153.46.47.218,10/10/1994
534,Perren,Tilsley,ptilsleyet@utexas.edu,Non-binary,92.230.57.181,19/01/2006
535,Philis,Larchiere,plarchiereeu@ox.ac.uk,Agender,243.145.7.208,18/08/2005
536,Aurelea,Griggs,agriggsev@sphinn.com,Female,170.97.181.160,26/10/1984
537,Eugenie,Harries,eharriesew@hugedomains.com,Agender,123.234.51.27,10/01/1986
538,Mariel,Mee,mmeeex@dell.com,Genderqueer,183.45.79.172,30/01/1998
539,Brant,Jamison,bjamisoney@independent.co.uk,Genderfluid,190.136.233.213,12/05/1997
540,Arlen,Josowitz,ajosowitzez@drupal.org,Bigender,223.41.79.193,05/07/2007
541,Wilden,Iamittii,wiamittiif0@latimes.com,Genderqueer,62.182.0.125,22/12/1980
542,Lyda,Castanos,lcastanosf1@cbslocal.com,Non-binary,44.104.67.48,19/03/1991
543,Bucky,Tedman,btedmanf2@aol.com,Agender,217.56.202.120,13/04/1984
544,Shayne,Crinage,scrinagef3@msn.com,Genderfluid,94.82.104.113,31/03/1991
545,Yale,Lomaz,ylomazf4@telegraph.co.uk,Bigender,163.209.90.57,25/12/2008
546,Amity,Keigher,akeigherf5@tripadvisor.com,Genderfluid,225.21.224.220,21/07/1980
547,Vassily,Rollins,vrollinsf6@sina.com.cn,Female,156.182.168.48,04/04/1994
548,Forest,Tatters,ftattersf7@army.mil,Polygender,58.70.205.178,16/02/1984
549,Cordie,Veart,cveartf8@angelfire.com,Polygender,254.16.156.145,22/02/1982
550,Kelcie,O'Sesnane,kosesnanef9@squidoo.com,Male,248.253.66.155,26/08/2002
551,Donnamarie,Quaintance,dquaintancefa@google.ru,Male,170.243.32.71,01/09/2007
552,Art,Cranny,acrannyfb@ovh.net,Genderfluid,239.171.203.9,11/11/2007
553,Margareta,De Laspee,mdelaspeefc@is.gd,Female,199.37.65.131,14/04/2006
554,Rickard,Docwra,rdocwrafd@japanpost.jp,Genderfluid,163.235.50.217,15/02/1992
555,Ebenezer,Reid,ereidfe@sbwire.com,Genderfluid,64.159.203.250,18/03/1998
556,Ximenez,Kellick,xkellickff@sitemeter.com,Male,96.69.173.42,16/04/1995
557,Kellia,Crosston,kcrosstonfg@wired.com,Genderfluid,22.50.157.134,08/02/1999
558,Esmaria,Maddocks,emaddocksfh@pbs.org,Female,58.221.195.99,18/04/2004
559,Che,Tomaszewicz,ctomaszewiczfi@npr.org,Genderqueer,116.235.73.1,23/09/1997
560,Emmett,Entissle,eentisslefj@imdb.com,Genderfluid,90.75.126.148,15/06/1997
561,Penny,Minocchi,pminocchifk@yale.edu,Polygender,168.192.185.70,04/06/1983
562,Gus,Parkman,gparkmanfl@toplist.cz,Male,125.5.173.147,22/03/2002
563,Viviene,Normanell,vnormanellfm@nydailynews.com,Genderqueer,61.221.108.117,06/01/2001
564,Mollie,Strethill,mstrethillfn@pen.io,Female,122.179.237.253,23/10/1995
565,Gretel,Critzen,gcritzenfo@domainmarket.com,Agender,246.106.229.134,06/01/1988
566,Gifford,Pennone,gpennonefp@cafepress.com,Genderfluid,74.87.50.55,21/06/1988
567,Elysee,Rounsefull,erounsefullfq@addthis.com,Non-binary,145.171.216.176,14/03/1985
568,Alaine,Curror,acurrorfr@jalbum.net,Female,114.232.185.5,14/10/1995
569,Clarice,Grahlmans,cgrahlmansfs@exblog.jp,Genderfluid,37.128.247.137,11/09/2008
570,Kayne,McErlaine,kmcerlaineft@nbcnews.com,Genderfluid,222.161.185.67,28/06/1980
571,Magdalene,Crome,mcromefu@goo.ne.jp,Genderqueer,117.82.80.175,24/12/2006
572,Theodoric,Brahms,tbrahmsfv@jimdo.com,Agender,123.120.94.191,26/12/2007
573,Gwyn,Gauche,ggauchefw@mayoclinic.com,Male,29.35.67.87,15/02/1986
574,Corny,Hedau,chedaufx@friendfeed.com,Male,235.143.120.171,10/03/1993
575,Selina,Soame,ssoamefy@arizona.edu,Non-binary,221.42.116.206,14/10/2000
576,Gerrilee,Lanphier,glanphierfz@craigslist.org,Genderfluid,85.76.119.195,30/07/1997
577,Cindelyn,Jack,cjackg0@apple.com,Agender,252.102.14.44,28/10/2001
578,Eziechiele,Fraschetti,efraschettig1@buzzfeed.com,Genderfluid,131.144.25.219,08/12/2010
579,Brita,Manuelli,bmanuellig2@goodreads.com,Genderqueer,206.207.33.32,22/09/1983
580,Bernita,Cosser,bcosserg3@forbes.com,Agender,150.114.195.221,31/10/2010
581,Angelico,Oultram,aoultramg4@patch.com,Agender,135.5.34.20,03/07/1982
582,Antonia,Thorlby,athorlbyg5@angelfire.com,Agender,106.74.83.225,28/10/1996
583,Cully,Lamond,clamondg6@oaic.gov.au,Genderqueer,136.232.35.197,13/08/1984
584,Reuben,Lyst,rlystg7@newyorker.com,Bigender,28.14.120.231,24/05/1995
585,Margit,Evason,mevasong8@freewebs.com,Bigender,128.100.210.218,10/04/2000
586,Teresina,Antonsson,tantonssong9@nsw.gov.au,Genderfluid,195.227.104.77,31/01/1987
587,Sergio,McDill,smcdillga@youtu.be,Bigender,117.200.31.166,13/04/1986
588,Rheba,Hassett,rhassettgb@wordpress.com,Polygender,39.128.13.171,02/07/2003
589,Dorrie,Shoveller,dshovellergc@huffingtonpost.com,Female,55.195.27.19,12/02/1982
590,Hailee,Zuanelli,hzuanelligd@vistaprint.com,Female,29.196.63.59,14/04/2008
591,Derby,Bleasby,dbleasbyge@google.nl,Polygender,186.103.228.170,11/08/1983
592,Sasha,Bilverstone,sbilverstonegf@discuz.net,Genderfluid,66.145.21.130,23/02/1995
593,Rafael,Highton,rhightongg@infoseek.co.jp,Bigender,142.196.168.0,03/09/2002
594,Juan,Huckle,jhucklegh@businesswire.com,Non-binary,189.211.8.105,14/12/1983
595,Sheryl,Muslim,smuslimgi@dion.ne.jp,Genderfluid,72.128.200.226,12/05/1984
596,Rudolph,Furman,rfurmangj@meetup.com,Female,108.0.64.49,13/04/2009
597,Angel,Rawlings,arawlingsgk@gravatar.com,Bigender,11.230.56.151,16/07/2006
598,Neilla,Castellini,ncastellinigl@cisco.com,Non-binary,1.16.31.12,05/11/2010
599,Goldia,Van der Son,gvandersongm@businessweek.com,Genderfluid,165.125.220.252,17/09/1991
600,Herc,Crutcher,hcrutchergn@sina.com.cn,Female,213.39.185.30,29/08/1998
601,Lurlene,Effemy,leffemygo@blogger.com,Bigender,171.148.151.195,05/05/2008
602,Wallie,Kunes,wkunesgp@toplist.cz,Genderqueer,90.14.167.188,14/06/1999
603,Hyman,Bowry,hbowrygq@chron.com,Genderfluid,168.124.5.156,25/09/1992
604,Barney,Anthoin,banthoingr@ihg.com,Bigender,42.183.205.18,20/11/1993
605,Cinnamon,Keightley,ckeightleygs@reference.com,Bigender,189.103.53.245,24/09/1985
606,Demetria,Screase,dscreasegt@shareasale.com,Genderqueer,121.209.197.126,12/06/1994
607,Reidar,Selvester,rselvestergu@fc2.com,Male,11.195.189.18,20/07/1992
608,Thurstan,Cowlard,tcowlardgv@psu.edu,Genderfluid,233.103.21.27,13/12/1992
609,Marybelle,McFater,mmcfatergw@mapquest.com,Agender,128.104.74.248,09/10/2007
610,Etti,Preece,epreecegx@nytimes.com,Polygender,111.200.33.202,05/10/2008
611,Abdul,Scotchmer,ascotchmergy@sbwire.com,Bigender,152.239.18.94,17/01/1983
612,Cobb,Haines,chainesgz@altervista.org,Genderqueer,122.64.148.211,25/07/2003
613,Libbi,Tremolieres,ltremolieresh0@weibo.com,Genderqueer,46.21.158.227,20/06/2010
614,Jonathan,Pflieger,jpfliegerh1@engadget.com,Agender,68.114.29.116,07/08/1984
615,Laure,Powis,lpowish2@apache.org,Genderqueer,179.8.118.87,28/11/2007
616,Minnnie,Bizley,mbizleyh3@fastcompany.com,Male,170.207.102.182,21/10/2004
617,Yul,Mulvin,ymulvinh4@globo.com,Male,148.227.104.147,16/01/1995
618,Adel,Anderbrugge,aanderbruggeh5@dot.gov,Non-binary,241.8.14.45,12/06/1997
619,Arty,Godfree,agodfreeh6@examiner.com,Male,17.60.126.174,02/02/1986
620,Timi,Usher,tusherh7@list-manage.com,Male,224.152.5.243,27/03/1980
621,Sancho,Clyne,sclyneh8@umn.edu,Agender,246.31.159.94,27/03/2004
622,Wileen,Turfrey,wturfreyh9@studiopress.com,Polygender,53.133.190.40,29/05/2009
623,Darbee,Gouthier,dgouthierha@umich.edu,Polygender,128.211.130.129,14/11/2002
624,Baily,Novak,bnovakhb@senate.gov,Male,103.177.224.156,23/08/1980
625,Sauncho,Southers,ssouthershc@mediafire.com,Agender,3.40.96.39,24/06/2008
626,Skippy,Windmill,swindmillhd@usa.gov,Male,57.132.10.27,13/06/2010
627,Carlyn,Cockings,ccockingshe@wsj.com,Female,88.34.107.161,16/07/1985
628,Aland,Skarr,askarrhf@naver.com,Male,160.70.139.32,21/06/2000
629,Judye,Ratnege,jratnegehg@live.com,Non-binary,118.114.106.17,19/05/1996
630,Viole,Bernadon,vbernadonhh@wsj.com,Male,163.85.251.183,24/01/1983
631,Tish,Minchindon,tminchindonhi@hao123.com,Female,169.184.55.12,24/12/2006
632,Lucie,Bruce,lbrucehj@disqus.com,Female,44.195.145.240,28/11/1995
633,Hermia,Stubbes,hstubbeshk@google.ru,Polygender,18.90.87.52,19/10/2001
634,Josiah,Hovy,jhovyhl@fda.gov,Polygender,146.1.139.86,15/03/1988
635,Spencer,Farrall,sfarrallhm@amazonaws.com,Non-binary,50.222.109.117,12/04/2008
636,Shanon,Marlowe,smarlowehn@simplemachines.org,Bigender,76.104.138.33,13/02/2007
637,Guenna,Freed,gfreedho@businessinsider.com,Agender,113.197.25.44,09/08/1980
638,Martyn,Bohling,mbohlinghp@mapy.cz,Polygender,193.116.158.60,21/10/1989
639,Carrissa,Dedon,cdedonhq@sbwire.com,Male,79.160.225.56,06/11/1996
640,Lazarus,Overbury,loverburyhr@tamu.edu,Female,90.151.187.231,03/12/1987
641,Eloise,Shobbrook,eshobbrookhs@photobucket.com,Genderqueer,170.128.227.228,02/08/1993
642,Pierrette,Darlison,pdarlisonht@51.la,Genderqueer,60.131.248.222,19/11/1996
643,Isabella,Ringrose,iringrosehu@pen.io,Male,82.124.125.218,22/03/1986
644,Purcell,Osichev,posichevhv@sciencedaily.com,Genderqueer,252.12.244.118,11/05/2009
645,Chariot,Celier,ccelierhw@php.net,Genderqueer,161.244.109.238,30/10/1985
646,Blake,Cossons,bcossonshx@i2i.jp,Non-binary,183.42.237.197,19/03/2008
647,Giuditta,Borland,gborlandhy@npr.org,Genderfluid,123.194.177.101,11/10/2001
648,Colin,Eddison,ceddisonhz@amazon.de,Genderfluid,47.191.150.62,08/09/2003
649,Duff,Offer,dofferi0@tripod.com,Non-binary,160.242.37.157,27/10/1983
650,Corissa,Lourens,clourensi1@berkeley.edu,Bigender,32.51.1.54,30/04/2002
651,Gearalt,Gentle,ggentlei2@loc.gov,Male,168.13.185.3,13/11/2000
652,Lockwood,Belfelt,lbelfelti3@who.int,Agender,108.193.178.18,18/09/2003
653,Aubine,Norsworthy,anorsworthyi4@wikimedia.org,Non-binary,22.167.220.29,12/03/1995
654,Urbanus,De Few,udefewi5@instagram.com,Non-binary,140.248.110.190,13/08/2004
655,Arnoldo,Bugler,abugleri6@friendfeed.com,Agender,171.117.32.146,25/11/1981
656,Mathian,Bartos,mbartosi7@jiathis.com,Male,117.167.63.219,28/05/1991
657,Angil,Blakely,ablakelyi8@wordpress.org,Male,243.205.64.31,24/08/1997
658,Lesley,Rosenblatt,lrosenblatti9@simplemachines.org,Genderqueer,8.218.49.84,12/01/1995
659,Staford,Guillou,sguillouia@cornell.edu,Polygender,226.112.137.171,23/05/2003
660,Guglielmo,Rosenzveig,grosenzveigib@va.gov,Non-binary,248.190.167.120,25/11/2005
661,Hieronymus,Mulran,hmulranic@elpais.com,Genderfluid,31.215.39.181,18/02/1994
662,Brandea,Gleader,bgleaderid@webmd.com,Agender,233.125.187.208,07/12/2007
663,Weylin,Beidebeke,wbeidebekeie@google.co.uk,Genderfluid,22.67.215.15,24/02/2008
664,Adelbert,Sanchiz,asanchizif@webnode.com,Genderqueer,4.20.98.209,17/01/2009
665,Benyamin,Harmon,bharmonig@wunderground.com,Agender,47.22.46.140,24/01/1985
666,Aliza,Gymlett,agymlettih@bravesites.com,Male,238.70.4.51,28/06/2003
667,Birgitta,Banfill,bbanfillii@ibm.com,Bigender,242.2.178.35,19/01/1992
668,Cate,Tideswell,ctideswellij@nydailynews.com,Agender,157.108.81.139,26/01/2002
669,Becca,O'Scanlon,boscanlonik@google.ca,Genderfluid,110.69.212.215,18/04/1990
670,Fraze,Murfett,fmurfettil@cnbc.com,Non-binary,139.103.75.220,24/12/1984
671,Roselia,Haslehurst,rhaslehurstim@dell.com,Bigender,241.58.119.64,17/10/2001
672,Roseline,Spatig,rspatigin@cbc.ca,Agender,212.223.12.45,15/06/2008
673,Waneta,Skillen,wskillenio@xing.com,Agender,95.57.97.234,17/03/2009
674,Ramsey,Bentz,rbentzip@businessinsider.com,Non-binary,233.192.253.159,09/03/1985
675,Base,O'Doghesty,bodoghestyiq@seesaa.net,Female,82.66.174.244,27/08/2001
676,Bart,Whayman,bwhaymanir@wikimedia.org,Agender,252.121.34.184,02/10/2006
677,Marrissa,McClaughlin,mmcclaughlinis@abc.net.au,Male,219.158.150.234,10/01/1984
678,Ave,Polino,apolinoit@rediff.com,Non-binary,239.54.19.169,06/08/1980
679,Willyt,Beachem,wbeachemiu@skyrock.com,Polygender,237.105.87.236,13/11/2009
680,Kassandra,Pickering,kpickeringiv@ebay.com,Non-binary,250.222.68.190,08/08/1989
681,Chlo,Killock,ckillockiw@indiegogo.com,Male,31.130.177.94,06/10/1993
682,Eddy,Gillitt,egillittix@yolasite.com,Polygender,107.111.130.99,08/01/2001
683,Maddy,Pinnijar,mpinnijariy@123-reg.co.uk,Agender,168.108.250.252,19/05/1992
684,Berk,Spinage,bspinageiz@bloglines.com,Female,181.38.131.197,09/08/1996
685,Sunshine,Cridge,scridgej0@buzzfeed.com,Genderfluid,236.199.42.3,22/04/1989
686,Dannie,Woodson,dwoodsonj1@liveinternet.ru,Genderfluid,68.98.29.30,22/07/1991
687,Kathleen,Berens,kberensj2@devhub.com,Agender,233.168.75.40,22/07/2005
688,Freedman,Manuely,fmanuelyj3@seattletimes.com,Agender,22.230.92.111,14/04/1998
689,Angel,McQueen,amcqueenj4@taobao.com,Female,180.16.206.180,08/10/1993
690,Ximenes,Drewson,xdrewsonj5@si.edu,Non-binary,63.118.37.85,25/09/1980
691,Mallory,Chatband,mchatbandj6@purevolume.com,Polygender,167.205.177.163,15/03/1986
692,Darwin,Wegner,dwegnerj7@ihg.com,Male,130.57.248.46,30/12/1988
693,Hetti,Alliott,halliottj8@patch.com,Female,247.218.178.149,27/05/2001
694,Shaine,Videler,svidelerj9@theatlantic.com,Female,139.97.67.189,28/03/1989
695,Darcy,Wickson,dwicksonja@cam.ac.uk,Genderqueer,168.58.57.145,05/06/1995
696,Curtice,Eaton,ceatonjb@freewebs.com,Agender,173.73.112.147,30/04/2005
697,Malory,Gores,mgoresjc@ucoz.com,Female,50.219.209.91,07/05/2000
698,Dodie,Eckly,decklyjd@tmall.com,Bigender,248.206.201.64,04/01/2001
699,Cecilia,Ferneley,cferneleyje@google.com.br,Non-binary,8.69.130.35,28/02/1982
700,Torin,Comberbach,tcomberbachjf@slashdot.org,Female,164.152.77.78,24/10/2003
701,Xever,Chasson,xchassonjg@microsoft.com,Genderqueer,145.61.132.10,15/05/1999
702,Durante,Lindberg,dlindbergjh@disqus.com,Male,239.145.207.139,15/01/1982
703,Ingra,Caldwell,icaldwellji@apache.org,Bigender,45.197.99.120,11/05/1996
704,Darbee,McDonnell,dmcdonnelljj@drupal.org,Male,1.191.112.122,23/07/1989
705,Lila,Diggin,ldigginjk@lycos.com,Bigender,132.198.198.208,26/02/1993
706,Frannie,Baldinotti,fbaldinottijl@google.cn,Bigender,107.226.242.240,19/07/1999
707,Erminia,Welbourn,ewelbournjm@printfriendly.com,Agender,22.176.128.113,17/03/2004
708,Burnaby,Dun,bdunjn@is.gd,Genderqueer,116.94.129.109,30/11/1981
709,Gaylord,Moniker,gmonikerjo@un.org,Genderfluid,116.147.42.93,17/02/2006
710,Roi,Siemon,rsiemonjp@themeforest.net,Genderfluid,206.46.68.198,10/09/1981
711,Melany,Trenholm,mtrenholmjq@1688.com,Genderfluid,90.242.74.150,04/08/1995
712,Shane,Roj,srojjr@odnoklassniki.ru,Female,34.156.229.65,31/12/2007
713,Trent,Cattach,tcattachjs@barnesandnoble.com,Male,40.247.236.146,12/09/1995
714,Bank,Cann,bcannjt@multiply.com,Polygender,16.23.56.136,06/08/2009
715,Martainn,Ebdon,mebdonju@ehow.com,Genderqueer,2.111.251.44,20/06/2001
716,Dilly,Douglass,ddouglassjv@whitehouse.gov,Bigender,115.185.237.88,16/02/2008
717,Tiertza,Ackers,tackersjw@slideshare.net,Male,41.148.16.89,11/07/2003
718,Ericha,Scoular,escoularjx@ucla.edu,Female,40.156.85.79,18/09/1983
719,Magda,Quilleash,mquilleashjy@icq.com,Non-binary,28.34.12.229,20/01/2010
720,Quentin,Renforth,qrenforthjz@reference.com,Agender,186.10.194.253,21/07/1981
721,Tremaine,Prys,tprysk0@java.com,Genderfluid,125.62.43.72,25/05/1995
722,Tara,Killford,tkillfordk1@wufoo.com,Non-binary,49.210.98.42,26/03/1999
723,Cchaddie,Kristoffersson,ckristofferssonk2@gmpg.org,Male,18.166.153.103,05/12/1982
724,Estell,Rainsbury,erainsburyk3@sourceforge.net,Male,246.45.95.202,15/08/1993
725,Bethany,Raggett,braggettk4@webnode.com,Genderfluid,116.33.127.57,28/05/1997
726,Bran,Quilliam,bquilliamk5@loc.gov,Male,94.170.122.85,31/10/1983
727,Ayn,Binley,abinleyk6@joomla.org,Genderfluid,220.56.181.151,05/08/2006
728,Mathias,Lavigne,mlavignek7@weebly.com,Genderfluid,240.231.204.35,09/03/1989
729,Leon,Snookes,lsnookesk8@va.gov,Genderqueer,17.192.61.22,19/11/2006
730,Stevie,Hannond,shannondk9@newyorker.com,Female,137.12.227.191,11/11/2010
731,Lacey,Kynsey,lkynseyka@liveinternet.ru,Genderqueer,237.228.84.23,28/03/1987
732,Stephi,Shorthouse,sshorthousekb@princeton.edu,Genderqueer,200.54.23.215,30/09/1999
733,Ettore,Bugbee,ebugbeekc@irs.gov,Agender,125.97.90.152,12/06/1992
734,Rusty,Keatley,rkeatleykd@elpais.com,Bigender,68.178.82.26,07/08/2007
735,Felipe,Casbon,fcasbonke@arstechnica.com,Agender,227.200.136.186,28/02/1989
736,Francklin,Synan,fsynankf@slideshare.net,Genderfluid,237.210.135.149,14/04/1989
737,Ermanno,Lavallin,elavallinkg@seesaa.net,Bigender,35.97.30.210,23/08/2009
738,Merissa,Ranyell,mranyellkh@163.com,Genderqueer,146.78.118.165,11/02/1999
739,Winifred,Jordi,wjordiki@sohu.com,Non-binary,122.24.247.149,05/07/1985
740,Mora,Southcoat,msouthcoatkj@jalbum.net,Polygender,110.98.108.0,26/10/1998
741,Ada,Roxby,aroxbykk@independent.co.uk,Bigender,205.92.227.152,30/07/1985
742,Renee,Scopyn,rscopynkl@typepad.com,Bigender,13.92.128.215,16/09/2001
743,Emmalyn,Fronsek,efronsekkm@home.pl,Female,139.44.187.59,07/05/2001
744,Zia,Shury,zshurykn@about.me,Male,163.249.149.5,15/12/1996
745,Lew,Davidsson,ldavidssonko@spiegel.de,Non-binary,106.78.30.203,19/02/1980
746,Alexander,Cristofari,acristofarikp@networkadvertising.org,Female,63.242.91.160,14/01/1982
747,Shelbi,Orgel,sorgelkq@wikimedia.org,Bigender,190.238.235.183,03/06/1999
748,Scottie,Clifforth,sclifforthkr@geocities.jp,Agender,72.207.9.124,06/10/1990
749,Tommy,Imason,timasonks@cisco.com,Bigender,159.66.232.24,03/04/1998
750,Alison,Baron,abaronkt@omniture.com,Bigender,194.251.199.126,22/01/1985
751,Herrick,Lindeboom,hlindeboomku@cloudflare.com,Female,229.229.54.244,26/02/1988
752,Jody,Maplethorpe,jmaplethorpekv@netvibes.com,Non-binary,0.57.4.24,23/04/2007
753,Leola,Hurdis,lhurdiskw@imageshack.us,Genderqueer,77.227.5.81,10/01/1980
754,Phyllys,Kershow,pkershowkx@walmart.com,Male,179.232.89.148,29/04/1983
755,Chantal,Orteu,corteuky@salon.com,Genderfluid,15.101.18.206,04/04/1986
756,Caesar,Blazek,cblazekkz@dagondesign.com,Female,55.108.188.123,01/02/1987
757,Tova,Aguirrezabala,taguirrezabalal0@seesaa.net,Genderqueer,109.73.31.46,16/03/2002
758,Pepita,Ondrich,pondrichl1@tmall.com,Male,63.81.35.93,18/11/1984
759,Poul,Fluin,pfluinl2@myspace.com,Polygender,131.124.126.188,09/06/2006
760,Laina,Goudy,lgoudyl3@drupal.org,Non-binary,173.154.202.9,30/08/2009
761,Jilly,Kitter,jkitterl4@shop-pro.jp,Genderfluid,122.168.63.86,30/05/1998
762,Calli,Deavin,cdeavinl5@ask.com,Agender,54.114.86.33,03/11/1986
763,Corine,Poznanski,cpoznanskil6@twitpic.com,Genderqueer,146.10.153.217,11/02/2008
764,Dewitt,Bendelow,dbendelowl7@lulu.com,Genderqueer,28.194.126.97,12/04/1980
765,Susie,Knightley,sknightleyl8@devhub.com,Agender,75.179.229.38,26/05/2001
766,Rooney,Brocklebank,rbrocklebankl9@icq.com,Genderqueer,186.129.13.63,22/09/2008
767,Madalena,Cromblehome,mcromblehomela@europa.eu,Genderqueer,241.173.230.190,24/03/2001
768,Gladys,Ashelford,gashelfordlb@hubpages.com,Bigender,213.14.153.160,24/10/1987
769,Fulton,Doogan,fdooganlc@prlog.org,Female,243.65.202.63,26/02/1995
770,Junia,Houndson,jhoundsonld@fda.gov,Bigender,21.2.1.236,18/03/1996
771,Kermit,Honniebal,khonnieballe@google.co.uk,Genderfluid,27.148.168.119,13/05/1996
772,Wynnie,Sipson,wsipsonlf@cmu.edu,Non-binary,111.134.105.117,21/06/1995
773,Patsy,O'Hartnedy,pohartnedylg@meetup.com,Polygender,93.88.9.180,29/08/2006
774,Mikel,Clelland,mclellandlh@goo.gl,Polygender,132.155.121.219,04/02/1989
775,Johnathan,Hayer,jhayerli@skyrock.com,Bigender,180.23.171.238,09/04/2006
776,Carmelia,Braid,cbraidlj@tmall.com,Polygender,180.139.217.133,06/06/1982
777,Vince,Normanell,vnormanelllk@pbs.org,Agender,159.70.205.219,12/06/1992
778,Jayson,Dyball,jdyballll@aboutads.info,Agender,10.28.30.235,10/02/1990
779,Isiahi,Havenhand,ihavenhandlm@canalblog.com,Agender,24.233.166.56,28/05/1996
780,Lira,Chazerand,lchazerandln@barnesandnoble.com,Bigender,158.196.113.152,13/06/1984
781,Ann-marie,Rispin,arispinlo@msu.edu,Genderfluid,24.241.253.176,14/08/2007
782,Sibley,Hackley,shackleylp@ucoz.com,Agender,192.111.56.216,10/10/1990
783,Yves,Wybrew,ywybrewlq@nasa.gov,Non-binary,209.14.193.92,23/12/2004
784,Boycey,Sherebrook,bsherebrooklr@netscape.com,Bigender,188.87.152.153,15/06/1987
785,Franni,Domenico,fdomenicols@cmu.edu,Polygender,53.48.124.15,27/04/1991
786,Johan,Kaplin,jkaplinlt@cornell.edu,Bigender,71.21.1.228,18/01/2005
787,Keeley,Boays,kboayslu@newyorker.com,Female,236.245.188.133,17/06/1982
788,Adele,Smogur,asmogurlv@mac.com,Genderfluid,166.156.254.52,27/04/2002
789,Cordula,Vondruska,cvondruskalw@blog.com,Genderfluid,55.41.68.7,17/01/2005
790,Dmitri,Gyngell,dgyngelllx@e-recht24.de,Non-binary,95.201.134.5,26/03/1984
791,Sascha,Bebbell,sbebbellly@icq.com,Male,197.233.157.210,21/03/1997
792,Dorine,Fogt,dfogtlz@sun.com,Polygender,223.123.243.204,08/04/2005
793,Bernardine,Trehearn,btrehearnm0@auda.org.au,Female,67.11.50.157,03/01/1988
794,Anders,Cahalan,acahalanm1@illinois.edu,Male,88.236.62.206,08/09/1983
795,Lani,Brocks,lbrocksm2@amazonaws.com,Male,72.172.30.83,25/10/1981
796,Maxine,Sawl,msawlm3@opera.com,Genderqueer,245.104.99.208,02/12/1981
797,Alasdair,Ivatts,aivattsm4@businesswire.com,Agender,130.127.184.4,30/06/2006
798,Colene,Antoszczyk,cantoszczykm5@barnesandnoble.com,Male,189.81.158.102,05/03/1997
799,Morey,Sier,msierm6@purevolume.com,Polygender,57.207.124.46,12/01/2006
800,Carson,Ratnege,cratnegem7@google.it,Genderqueer,68.93.234.225,10/07/1995
801,Alicia,Pinchon,apinchonm8@imgur.com,Bigender,94.224.163.161,18/02/1980
802,Bret,MacKeague,bmackeaguem9@nps.gov,Bigender,130.112.150.20,28/06/1986
803,Valentine,Kittredge,vkittredgema@icq.com,Agender,24.35.207.162,28/02/2006
804,Edythe,Decourt,edecourtmb@purevolume.com,Genderfluid,81.245.129.122,20/03/1986
805,Zenia,Marciek,zmarciekmc@stanford.edu,Polygender,240.46.212.90,02/06/2005
806,Ninette,Poundsford,npoundsfordmd@pinterest.com,Female,109.37.146.135,26/01/1991
807,Lin,O'Quin,loquinme@fema.gov,Genderqueer,142.189.142.237,14/04/2004
808,Buddie,Grodden,bgroddenmf@google.es,Agender,113.82.81.192,27/03/1998
809,Dreddy,Brotherhood,dbrotherhoodmg@canalblog.com,Agender,96.220.201.178,20/11/1987
810,Evin,Kobpal,ekobpalmh@gravatar.com,Genderqueer,10.159.241.112,03/04/1989
811,Tab,Gobel,tgobelmi@dailymotion.com,Bigender,122.207.122.16,06/10/1986
812,Hurleigh,Manes,hmanesmj@army.mil,Male,242.80.12.198,04/07/1990
813,Ferdinanda,Rupel,frupelmk@nyu.edu,Non-binary,14.236.207.186,30/06/2003
814,Aldous,Headley,aheadleyml@oaic.gov.au,Polygender,218.33.18.112,24/10/1982
815,Ezri,Goodered,egooderedmm@paypal.com,Genderfluid,28.227.29.219,12/08/2005
816,Allen,Dyett,adyettmn@photobucket.com,Genderqueer,13.233.69.136,14/09/1994
817,Orel,Fischer,ofischermo@illinois.edu,Genderqueer,0.126.97.158,14/03/1995
818,Merilyn,Kunath,mkunathmp@webs.com,Male,119.238.194.146,17/07/1994
819,Bailie,Jeannaud,bjeannaudmq@craigslist.org,Polygender,246.168.241.28,19/04/1987
820,Weylin,Alcoran,walcoranmr@jigsy.com,Non-binary,104.218.168.160,11/11/1996
821,Amara,Pirt,apirtms@dion.ne.jp,Polygender,215.16.9.230,30/07/1981
822,Lizzy,Frere,lfreremt@smh.com.au,Genderqueer,194.193.178.188,24/05/1999
823,Walther,Eskriet,weskrietmu@prnewswire.com,Polygender,45.102.168.116,21/11/1982
824,Binni,Lindbergh,blindberghmv@sbwire.com,Agender,93.6.3.130,28/09/2007
825,Caleb,Carberry,ccarberrymw@de.vu,Non-binary,169.128.247.105,24/11/1981
826,Bond,Kun,bkunmx@ask.com,Female,167.242.212.223,08/12/1982
827,Cullen,Gruszczak,cgruszczakmy@ifeng.com,Genderfluid,128.6.165.113,22/06/1983
828,Mead,Pinsent,mpinsentmz@java.com,Bigender,137.25.188.136,20/11/1998
829,Magdalene,McKevitt,mmckevittn0@w3.org,Genderqueer,30.244.229.66,17/01/1986
830,Wiatt,Ashburner,washburnern1@hud.gov,Non-binary,68.104.162.80,12/07/1998
831,Hodge,O'Brogan,hobrogann2@cafepress.com,Non-binary,161.11.88.196,26/07/1982
832,Cami,Filon,cfilonn3@addtoany.com,Agender,220.93.36.71,23/06/1991
833,Winfield,Pohlke,wpohlken4@foxnews.com,Female,140.18.168.222,11/03/1993
834,Anastasie,Hourigan,ahourigann5@histats.com,Female,121.82.236.14,28/09/1994
835,Odie,Faichney,ofaichneyn6@digg.com,Female,199.49.95.46,11/12/1987
836,Estevan,Seth,esethn7@typepad.com,Bigender,60.134.173.224,18/11/2004
837,Raine,Massel,rmasseln8@noaa.gov,Genderfluid,240.49.159.13,05/12/1991
838,Loretta,Ellerbeck,lellerbeckn9@cbsnews.com,Genderqueer,209.95.49.124,16/08/1996
839,Nevsa,Pahler,npahlerna@paypal.com,Female,65.4.79.64,15/08/1990
840,Rebekkah,Martynov,rmartynovnb@patch.com,Genderfluid,15.18.209.108,03/06/2003
841,Clayson,McGeoch,cmcgeochnc@g.co,Male,21.24.77.150,22/03/2005
842,Eleonora,Dreossi,edreossind@upenn.edu,Genderfluid,8.73.114.102,13/05/1992
843,Moise,Caudelier,mcaudelierne@netlog.com,Bigender,165.210.143.34,04/11/2003
844,Lanni,MacCorley,lmaccorleynf@netscape.com,Polygender,187.126.137.193,12/10/1984
845,Stephenie,Jurges,sjurgesng@jimdo.com,Male,216.158.62.181,15/12/1983
846,Tana,Felstead,tfelsteadnh@tinyurl.com,Genderfluid,57.225.72.13,02/03/1991
847,Rollo,Garforth,rgarforthni@ifeng.com,Genderfluid,212.225.137.250,09/09/1981
848,Stirling,Pamment,spammentnj@army.mil,Female,253.79.182.184,30/08/1985
849,Ibby,Mc Carrick,imccarricknk@usnews.com,Polygender,146.11.87.150,20/08/2009
850,Abbey,Leadston,aleadstonnl@goodreads.com,Bigender,225.226.159.106,08/01/1998
851,Koo,Minchella,kminchellanm@guardian.co.uk,Genderfluid,208.152.64.14,31/05/1996
852,Harald,Guild,hguildnn@icio.us,Female,81.37.29.139,20/03/1994
853,Ludovico,Perfect,lperfectno@china.com.cn,Genderqueer,40.81.132.4,18/09/1983
854,Ingelbert,O'Lennane,iolennanenp@technorati.com,Agender,165.191.164.144,17/11/2001
855,Dru,Rushmare,drushmarenq@deviantart.com,Genderfluid,11.26.143.91,28/05/1989
856,Dorice,Boosey,dbooseynr@whitehouse.gov,Female,54.172.134.169,16/10/1984
857,Cosme,Vivers,cviversns@wikia.com,Polygender,89.38.252.170,11/12/1981
858,Ewen,Moss,emossnt@github.com,Male,124.62.3.71,22/04/1987
859,Bronnie,Wenn,bwennnu@hubpages.com,Genderqueer,103.225.131.167,07/07/2008
860,Aldo,Seid,aseidnv@paypal.com,Bigender,109.165.182.221,07/05/1982
861,Darill,Mandel,dmandelnw@artisteer.com,Non-binary,88.55.38.254,30/06/1999
862,Ninette,Tumulty,ntumultynx@technorati.com,Female,78.130.8.191,06/07/1995
863,Myrlene,Unwins,munwinsny@skyrock.com,Polygender,39.3.251.80,31/12/1990
864,Torie,Eslie,teslienz@wufoo.com,Genderqueer,243.107.36.216,27/05/2003
865,Giselbert,Breffit,gbreffito0@state.tx.us,Genderqueer,68.99.68.5,25/03/1990
866,Coriss,Abraham,cabrahamo1@studiopress.com,Female,155.204.243.72,17/06/1987
867,Batholomew,Mant,bmanto2@ucoz.com,Polygender,235.145.223.55,10/01/1997
868,Linus,Ivatt,livatto3@drupal.org,Genderfluid,45.5.116.184,19/01/2009
869,Monty,Denyer,mdenyero4@nature.com,Genderqueer,219.205.117.166,12/12/1987
870,Carma,Da Costa,cdacostao5@scientificamerican.com,Genderqueer,9.153.206.102,04/08/1994
871,Borg,Carbery,bcarberyo6@comcast.net,Genderfluid,114.230.12.250,17/03/1997
872,Rheba,Bassom,rbassomo7@house.gov,Bigender,95.131.174.175,03/08/1992
873,Carlyle,Jacmard,cjacmardo8@themeforest.net,Agender,61.61.188.228,03/11/2007
874,Salvador,Sawkins,ssawkinso9@pagesperso-orange.fr,Polygender,101.98.189.125,27/07/1988
875,Alejandro,Sapey,asapeyoa@chicagotribune.com,Non-binary,103.187.171.46,06/09/1981
876,Marcelia,Summerley,msummerleyob@dion.ne.jp,Polygender,105.152.119.14,18/04/2000
877,Moyna,Bruford,mbrufordoc@livejournal.com,Bigender,151.236.241.254,29/05/1992
878,Francine,Doxey,fdoxeyod@xing.com,Genderfluid,181.4.101.142,04/08/1987
879,Katleen,Mayzes,kmayzesoe@sourceforge.net,Agender,219.151.68.250,31/10/2010
880,Gabbey,Emeney,gemeneyof@friendfeed.com,Non-binary,56.191.53.78,18/08/1991
881,Shauna,Frick,sfrickog@tuttocitta.it,Polygender,177.198.40.16,10/02/1984
882,Melonie,Flory,mfloryoh@photobucket.com,Polygender,147.232.236.151,29/04/2001
883,Carolee,McClary,cmcclaryoi@house.gov,Bigender,88.74.42.150,08/02/1980
884,Corbie,Emney,cemneyoj@unesco.org,Polygender,8.225.8.22,27/08/2010
885,Heddie,Drakeford,hdrakefordok@bbb.org,Non-binary,16.123.185.197,29/09/2004
886,Paige,Pietruszka,ppietruszkaol@last.fm,Male,219.195.81.32,13/11/1981
887,Clarice,Minci,cminciom@marriott.com,Agender,62.153.88.48,08/10/1992
888,Julina,Choake,jchoakeon@chron.com,Bigender,247.218.214.36,16/06/1998
889,Georgianna,Dykes,gdykesoo@yellowpages.com,Bigender,159.37.188.215,31/07/2004
890,Sandro,Spawell,sspawellop@deliciousdays.com,Bigender,189.48.81.152,04/03/2002
891,Brandy,Chitter,bchitteroq@lulu.com,Polygender,33.5.139.189,11/06/1989
892,Biron,Abbett,babbettor@washington.edu,Male,179.144.2.22,14/06/1999
893,Haven,Faccini,hfaccinios@epa.gov,Female,118.97.52.74,22/10/1993
894,Thorn,Austing,taustingot@dyndns.org,Male,3.75.165.178,21/04/1980
895,Alyce,Tregent,atregentou@hatena.ne.jp,Non-binary,167.213.17.183,28/08/1981
896,Clementius,Daye,cdayeov@toplist.cz,Genderqueer,141.176.137.119,05/05/2005
897,Levi,Stummeyer,lstummeyerow@prlog.org,Male,34.160.2.5,02/10/1990
898,Gae,Lemery,glemeryox@1und1.de,Genderqueer,179.9.69.36,09/06/2005
899,Malorie,Sprakes,msprakesoy@sakura.ne.jp,Non-binary,150.197.175.161,24/08/1998
900,Jedd,MacGinney,jmacginneyoz@vk.com,Polygender,128.123.247.168,16/06/1991
901,Padraic,Brasseur,pbrasseurp0@technorati.com,Genderqueer,168.36.44.214,04/10/1989
902,Avrom,Bigglestone,abigglestonep1@google.com.au,Bigender,71.239.192.53,05/05/2009
903,Hester,Cissen,hcissenp2@spiegel.de,Genderfluid,124.131.135.227,24/10/2001
904,Tamarra,Moxstead,tmoxsteadp3@jugem.jp,Female,134.100.253.158,02/11/1994
905,Evan,Jori,ejorip4@webeden.co.uk,Agender,232.19.126.45,08/07/1988
906,Dolly,McEnhill,dmcenhillp5@hp.com,Agender,254.168.237.13,19/02/2002
907,Carr,Jeggo,cjeggop6@wufoo.com,Bigender,63.10.26.57,16/03/1991
908,Chiquia,Bygate,cbygatep7@cdbaby.com,Bigender,135.141.180.75,20/10/1986
909,Mae,Coggin,mcogginp8@ucoz.ru,Agender,249.110.191.181,23/06/2004
910,Burr,Garn,bgarnp9@hao123.com,Bigender,206.52.190.209,22/02/1989
911,Enriqueta,Doy,edoypa@booking.com,Genderqueer,211.74.95.47,23/10/1999
912,Jeannine,Philipp,jphilipppb@yellowpages.com,Bigender,200.137.97.197,20/09/1992
913,Vassili,Zuanazzi,vzuanazzipc@joomla.org,Male,42.162.43.145,15/12/2003
914,Myron,Fayter,mfayterpd@flickr.com,Polygender,225.34.238.10,31/12/1986
915,Vassili,O'Longain,volongainpe@chicagotribune.com,Male,101.39.1.248,16/03/2003
916,Lucille,Avo,lavopf@wiley.com,Female,116.118.114.44,05/02/1984
917,Norbie,Yallowley,nyallowleypg@topsy.com,Male,91.88.244.124,24/12/2002
918,Cilka,Foat,cfoatph@google.de,Bigender,81.193.177.143,19/04/2002
919,Katine,Trippick,ktrippickpi@examiner.com,Bigender,21.6.85.98,12/11/1995
920,Yolande,Bouldstridge,ybouldstridgepj@accuweather.com,Agender,36.150.236.233,16/11/2003
921,Star,Vertigan,svertiganpk@cam.ac.uk,Bigender,170.70.126.52,08/11/1991
922,Trista,Dryden,tdrydenpl@shutterfly.com,Female,40.213.11.50,16/06/1987
923,Carmelita,Shreeves,cshreevespm@mapquest.com,Bigender,75.101.121.36,03/12/2000
924,Augusto,Tweddell,atweddellpn@ca.gov,Male,229.18.234.131,21/04/1992
925,Dorey,Spacy,dspacypo@sohu.com,Agender,170.61.101.147,19/06/2005
926,Madlin,Gadman,mgadmanpp@clickbank.net,Male,224.216.26.152,08/12/2007
927,Arlie,Singers,asingerspq@issuu.com,Bigender,72.0.168.26,03/01/2006
928,Vincenz,Josebury,vjoseburypr@constantcontact.com,Bigender,76.127.146.192,18/07/1992
929,Dacie,Grassett,dgrassettps@whitehouse.gov,Non-binary,184.154.112.73,17/05/1999
930,Levi,Malek,lmalekpt@yelp.com,Male,85.184.12.114,10/10/1994
931,Vikki,MacGrath,vmacgrathpu@drupal.org,Genderfluid,137.209.224.209,21/11/1992
932,Shanon,Hollow,shollowpv@quantcast.com,Genderfluid,250.159.53.83,24/01/1980
933,Jenica,Beeby,jbeebypw@msu.edu,Genderqueer,18.120.27.186,28/02/1989
934,Ignacio,Gajewski,igajewskipx@tuttocitta.it,Agender,243.205.250.116,21/04/2000
935,Denise,Losel,dloselpy@google.ca,Non-binary,65.123.255.130,08/09/1981
936,Wilmer,Canland,wcanlandpz@wp.com,Genderqueer,6.69.226.133,20/06/1986
937,Jonas,Tuxell,jtuxellq0@tmall.com,Polygender,160.201.232.25,11/10/1993
938,Barbra,Haye,bhayeq1@infoseek.co.jp,Female,30.239.68.215,09/06/1993
939,Lani,Beech,lbeechq2@ning.com,Genderfluid,233.97.241.86,08/09/2010
940,Monty,Sier,msierq3@walmart.com,Genderqueer,243.150.235.178,02/04/1986
941,Netty,Biggam,nbiggamq4@acquirethisname.com,Polygender,164.164.23.212,26/05/2009
942,Justin,Laying,jlayingq5@state.tx.us,Female,141.213.95.101,07/07/1989
943,Sadye,Goodger,sgoodgerq6@answers.com,Non-binary,117.83.60.31,11/09/1980
944,Natalee,Farris,nfarrisq7@vimeo.com,Genderfluid,189.98.97.20,02/07/1999
945,Rhodie,Summerlad,rsummerladq8@sbwire.com,Female,126.249.95.214,04/12/2001
946,Shalna,Alfonzo,salfonzoq9@disqus.com,Genderfluid,121.160.82.211,29/07/1989
947,Roch,Rimmer,rrimmerqa@usgs.gov,Genderqueer,64.173.103.131,29/06/2002
948,Cara,Francis,cfrancisqb@java.com,Polygender,43.97.183.23,31/12/1990
949,Cinda,Connaughton,cconnaughtonqc@biglobe.ne.jp,Polygender,210.17.250.244,03/01/2002
950,Rosalyn,Ewbanks,rewbanksqd@e-recht24.de,Female,55.76.1.56,03/07/1989
951,Lyssa,Yokelman,lyokelmanqe@goo.ne.jp,Genderqueer,128.240.149.231,30/04/1996
952,Eartha,Dunston,edunstonqf@java.com,Agender,13.238.84.49,11/08/1994
953,Teddy,Kachel,tkachelqg@gravatar.com,Non-binary,151.216.134.142,11/12/2009
954,Morlee,Bassick,mbassickqh@nifty.com,Bigender,251.152.138.201,11/11/2007
955,Isidoro,Lineen,ilineenqi@macromedia.com,Non-binary,194.36.161.32,24/10/1988
956,Akim,Wortman,awortmanqj@deviantart.com,Genderqueer,58.192.45.178,13/10/2001
957,Malinda,Hallahan,mhallahanqk@cyberchimps.com,Genderfluid,215.154.153.215,18/11/2000
958,Pat,Garrood,pgarroodql@geocities.com,Genderqueer,6.135.255.27,25/04/1987
959,Lindi,Alliberton,lallibertonqm@hibu.com,Male,101.45.128.224,11/05/1999
960,Angel,Dunbar,adunbarqn@tamu.edu,Polygender,41.71.186.149,30/06/1995
961,Gill,Wann,gwannqo@edublogs.org,Non-binary,151.154.41.68,19/08/1981
962,Fancie,Risbie,frisbieqp@so-net.ne.jp,Non-binary,112.97.246.155,09/11/2008
963,Maximilien,Gatheral,mgatheralqq@sourceforge.net,Genderqueer,248.133.51.93,25/07/1993
964,Alyosha,Gocher,agocherqr@ycombinator.com,Genderqueer,62.164.62.1,03/08/1993
965,Kylie,Henker,khenkerqs@prnewswire.com,Agender,241.14.126.49,05/06/1993
966,Nicolis,Cussins,ncussinsqt@merriam-webster.com,Genderqueer,98.61.29.235,26/07/2002
967,Papagena,Wreight,pwreightqu@hubpages.com,Male,0.149.36.205,21/04/1998
968,Ethelyn,Hucke,ehuckeqv@forbes.com,Agender,136.218.205.53,27/02/1982
969,Barn,Venning,bvenningqw@nih.gov,Genderqueer,16.142.94.205,03/11/2002
970,Paula,Priden,ppridenqx@live.com,Genderqueer,240.19.52.2,28/03/1997
971,Thaine,Leggis,tleggisqy@mapy.cz,Bigender,162.16.225.32,14/04/1988
972,Daisy,Conisbee,dconisbeeqz@mozilla.org,Polygender,110.74.193.232,24/05/1985
973,Laurianne,Arrighini,larrighinir0@edublogs.org,Male,14.15.170.195,18/04/1980
974,Prudy,Craister,pcraisterr1@oakley.com,Agender,7.192.68.199,28/04/1991
975,Mela,Bamlett,mbamlettr2@printfriendly.com,Polygender,61.96.103.122,16/07/2004
976,Karleen,Iddy,kiddyr3@arizona.edu,Female,220.204.21.134,01/09/2003
977,Doretta,Spinley,dspinleyr4@discuz.net,Female,203.132.214.254,21/01/2009
978,Johannes,Tupling,jtuplingr5@jugem.jp,Agender,103.219.186.235,17/04/1998
979,Ibbie,Washbrook,iwashbrookr6@buzzfeed.com,Genderfluid,70.204.75.95,06/09/1981
980,Susi,La Wille,slawiller7@bloomberg.com,Agender,32.136.228.60,23/09/1988
981,Malina,Bleasby,mbleasbyr8@blog.com,Agender,28.103.41.245,03/10/2010
982,Cally,Slayton,cslaytonr9@list-manage.com,Female,232.10.175.34,27/12/2001
983,Cesaro,McIlraith,cmcilraithra@army.mil,Bigender,176.93.233.174,08/12/1995
984,Chelsey,McInnes,cmcinnesrb@sbwire.com,Male,202.230.168.3,13/11/1981
985,Camey,Terram,cterramrc@google.it,Agender,221.138.152.65,04/06/2010
986,Lezley,Croughan,lcroughanrd@psu.edu,Agender,184.106.227.206,26/07/1988
987,Cordie,Knowller,cknowllerre@people.com.cn,Female,249.158.254.50,30/08/1985
988,Eugine,Millyard,emillyardrf@privacy.gov.au,Genderqueer,4.88.159.170,05/10/1999
989,Graig,Obin,gobinrg@java.com,Female,81.154.10.170,16/06/1995
990,Stefan,Ludy,sludyrh@twitpic.com,Female,10.86.247.39,25/09/1995
991,Kary,Hacon,khaconri@nifty.com,Bigender,254.71.189.79,23/01/1995
992,Frances,Tett,ftettrj@cdbaby.com,Genderqueer,68.233.134.10,18/01/1982
993,Heriberto,Waddam,hwaddamrk@prweb.com,Bigender,58.62.230.198,08/10/2005
994,Thedric,Daniells,tdaniellsrl@msn.com,Polygender,17.237.147.171,14/05/1988
995,Salvatore,Woodworth,swoodworthrm@cisco.com,Polygender,8.52.128.133,22/01/1998
996,Dorita,Kleinmann,dkleinmannrn@addtoany.com,Non-binary,217.17.29.183,24/06/1983
997,Keir,Kunkel,kkunkelro@mac.com,Non-binary,90.114.140.117,19/09/1992
998,Bald,Whitley,bwhitleyrp@pbs.org,Female,181.137.213.76,28/07/1991
999,Lurlene,Southworth,lsouthworthrq@oakley.com,Female,140.242.14.7,29/11/1988
1000,Delmar,Ungaretti,dungarettirr@unc.edu,Genderqueer,252.11.144.2,24/09/1991
