Name,Email,BirthDate
Edd Saket,esaket0@census.gov,1984-11-09
Krispin Schaumaker,kschaumaker1@timesonline.co.uk,1983-10-30
Gerty Matveichev,gmatveichev2@ibm.com,1998-11-27
Jamill Dakhov,jdakhov3@woothemes.com,1982-11-05
Sheffy Clackers,sclackers4@netlog.com,1991-03-11
Shurwood Niccolls,sniccolls5@printfriendly.com,1998-03-19
Odo Duligal,oduligal9@sitemeter.com,1991-04-14
Lucius Gunning,lgunninga@chronoengine.com,1991-08-31
Kessia Cownden,kcowndenc@hao123.com,1980-11-02
Normie Trobridge,ntrobridged@ow.ly,1985-03-04
Wallas Sheldrake,wsheldrakee@163.com,1984-05-02
Dorette Hanbury,dhanburyf@yale.edu,1986-12-01
Clint Dibdin,cdibding@google.ru,1995-04-29
Cristal Adcock,cadcockh@npr.org,1985-11-12
Ewart Hartland,ehartlandi@gizmodo.com,1986-02-07
Ula Herity,uherityj@360.cn,1983-07-28
Inge MacKissack,imackissackk@samsung.com,1981-09-10
Jasmine Bracknell,jbracknelll@fastcompany.com,2003-05-12
Leanor Rumens,lrumensm@baidu.com,1984-05-03
Alonso Liepmann,aliepmannn@alibaba.com,1980-06-30
Ced Seargeant,cseargeantp@reddit.com,1985-04-04
Pavia Stivey,pstiveyq@zdnet.com,2003-10-01
Devi Hirtz,dhirtzr@xinhuanet.com,1986-05-09
Darsie Dalrymple,ddalrymples@istockphoto.com,1983-10-31
Ettie Duckworth,educkwortht@jugem.jp,1986-03-14
Walther Cosbee,wcosbeeu@mozilla.com,2001-03-03
Taryn Karlsson,tkarlssonv@arstechnica.com,2002-05-20
Margareta Kislingbury,mkislingburyw@amazon.co.jp,1988-12-24
Chere Cottem,ccottemy@netvibes.com,1994-08-01
Kathleen Lockhart,klockhartz@ted.com,2000-11-30
Vin Matzaitis,vmatzaitis10@mapquest.com,1985-08-05
Ambrosio Simkin,asimkin11@tumblr.com,1987-09-04
Nettle Branche,nbranche12@simplemachines.org,2003-03-04
Patrick Cawdell,pcawdell13@boston.com,2003-05-28
Augustina Levis,alevis14@g.co,1982-05-12
Ozzy Herreros,oherreros15@github.io,1994-02-25
Durante Aimable,daimable16@clickbank.net,1997-10-31
Petr Girardeau,pgirardeau19@economist.com,1993-07-22
Camey Dugget,cdugget1a@paypal.com,1988-07-14
Wilek Quelch,wquelch1b@msn.com,1985-12-06
Bartram Jiles,bjiles1c@delicious.com,1997-03-22
Alfie Lampert,alampert1e@smugmug.com,1994-09-03
Zara Ubsdale,zubsdale1f@wisc.edu,2002-05-23
Franklin Collin,fcollin1h@shop-pro.jp,1980-07-28
Wallie Jerromes,wjerromes1i@e-recht24.de,1980-12-08
Amos Vasey,avasey1j@mapy.cz,1980-12-03
Broddy Vipan,bvipan1k@nasa.gov,1993-01-29
Chrysler Luckcuck,cluckcuck1l@sphinn.com,1984-01-12
Georgetta Cheeld,gcheeld1m@google.com,1984-07-05
Dora Cornell,dcornell1n@wunderground.com,1996-08-27
Ambrosi Stobie,astobie1o@miibeian.gov.cn,1989-11-22
Melodie Leban,mleban1p@i2i.jp,1994-08-30
Charmine Heckle,checkle1q@histats.com,1987-09-05
Hoebart Burgon,hburgon1r@hao123.com,1986-01-25
Zabrina Dealy,zdealy1s@eventbrite.com,1995-03-23
Frasier Skeel,fskeel1v@domainmarket.com,1996-01-29
Donni Faires,dfaires1x@kickstarter.com,1998-04-26
Obediah McIlvoray,omcilvoray1z@ehow.com,1981-07-20
Inness Alston,ialston21@guardian.co.uk,1989-06-11
Ebony Sibbald,esibbald23@clickbank.net,1995-12-16
Nata Challicombe,nchallicombe24@deviantart.com,2001-05-03
Jamie Plevin,jplevin25@toplist.cz,1983-07-09
Claiborne Berfoot,cberfoot27@seattletimes.com,2002-11-02
Minnie MacIlhargy,mmacilhargy29@loc.gov,1984-10-14
Emmaline Shallcroff,eshallcroff2b@disqus.com,1985-03-30
Sapphira Insworth,sinsworth2c@intel.com,2003-11-12
Beltran Tombleson,btombleson2d@arstechnica.com,2000-12-09
Gaynor Hindrick,ghindrick2e@springer.com,1998-10-01
Horatio Collard,hcollard2f@elegantthemes.com,2003-01-18
Gunner Kesterton,gkesterton2h@chronoengine.com,1981-05-08
Drusie Rust,drust2i@cam.ac.uk,1981-01-04
Ted Higginbottam,thigginbottam2n@feedburner.com,1991-06-01
Elonore Goracci,egoracci2o@google.it,1999-09-15
Spike Epelett,sepelett2p@storify.com,1992-08-06
Hervey Vahl,hvahl2q@merriam-webster.com,1993-01-12
Scarface Simonazzi,ssimonazzi2r@altervista.org,1985-04-01
Hurlee Corbet,hcorbet2s@sciencedirect.com,1992-11-26
Hewet Jebb,hjebb2t@dell.com,1982-01-17
Sybil Brigstock,sbrigstock2u@va.gov,1994-08-15
Hinda Kubat,hkubat2v@columbia.edu,1982-03-22
Adiana Stump,astump2x@cornell.edu,1993-09-03
Dedie Spier,dspier2y@cornell.edu,1994-02-02
Fifine Diggle,fdiggle2z@sbwire.com,2000-06-06
Artur Gaenor,agaenor30@google.de,1989-04-29
Sanderson Ellph,sellph31@wired.com,1993-12-14
Harlan Swindlehurst,hswindlehurst32@hc360.com,2003-12-13
Othilie Prandoni,oprandoni33@shop-pro.jp,1990-01-08
Titos Wasbrough,twasbrough34@360.cn,1994-02-07
Othilia Kelle,okelle35@geocities.jp,2001-01-28
Freddy Crewdson,fcrewdson37@w3.org,1983-10-02
Elke Filchakov,efilchakov39@usda.gov,1996-03-23
Cally Crowdace,ccrowdace3a@github.io,1980-10-07
Dietrich Ipplett,dipplett3b@yellowpages.com,1991-03-25
Roshelle Malsher,rmalsher3c@slashdot.org,2001-11-11
Starla Atter,satter3d@nps.gov,1984-05-18
Boyce Ceillier,bceillier3i@paypal.com,1991-10-10
Sonny Baines,sbaines3j@indiatimes.com,1994-07-29
Alexina Craske,acraske3k@ask.com,1987-11-02
Brinna Mccaull,bmccaull3m@fema.gov,1988-03-18
Arnoldo Mitkin,amitkin3n@exblog.jp,1986-07-01
Wilton Whatford,wwhatford3o@meetup.com,2002-09-08
Zebedee Barnfather,zbarnfather3p@cbslocal.com,2003-09-02
Cross Swanton,cswanton3q@livejournal.com,2001-08-13
Huntley Odeson,hodeson3r@vinaora.com,1997-05-23
Bibbye Foston,bfoston3s@ucsd.edu,1997-04-09
Geneva Pheasant,gpheasant3v@privacy.gov.au,1989-04-15
Ruthe Ducaen,rducaen3w@jugem.jp,2001-02-01
Rickie Pestell,rpestell3x@oaic.gov.au,2002-01-15
Sarge Gaymer,sgaymer3y@spiegel.de,1996-05-25
Jaquith Alday,jalday3z@go.com,1992-05-23
Crysta Crampsy,ccrampsy40@mail.ru,1994-10-20
Butch Huzzay,bhuzzay41@who.int,1993-08-27
Leyla Deek,ldeek42@rediff.com,1984-12-21
Ramonda Gellier,rgellier43@walmart.com,1999-12-07
Amber Cypler,acypler44@tripod.com,1982-02-15
Standford Kleszinski,skleszinski45@smh.com.au,1995-06-26
Sybil MacCurley,smaccurley47@ca.gov,1995-08-24
Friederike Bernardt,fbernardt48@usnews.com,1980-09-25
Concordia Philpotts,cphilpotts49@slideshare.net,1999-11-26
Jackie Briars,jbriars4a@godaddy.com,2001-11-29
Rockie Fenck,rfenck4b@springer.com,2001-07-11
Aron Mintoff,amintoff4c@facebook.com,1991-10-21
Kenon Chate,kchate4e@booking.com,2002-09-02
Karrah Stollery,kstollery4g@comcast.net,1985-03-24
Arlan Sowrah,asowrah4h@artisteer.com,1995-07-13
Rikki Adrienne,radrienne4i@google.nl,1986-07-11
Allayne Ruilton,aruilton4k@nih.gov,1997-03-17
Aggy Richten,arichten4l@addtoany.com,2000-11-20
Ignatius Cronchey,icronchey4m@angelfire.com,1984-08-18
Pattin Yanne,pyanne4n@gravatar.com,1981-01-12
Cecil Bayle,cbayle4o@newsvine.com,1981-02-01
Marlow Truwert,mtruwert4p@joomla.org,1990-02-18
Andriette Gadie,agadie4q@thetimes.co.uk,1989-08-08
Cord Blacksland,cblacksland4r@nifty.com,1998-02-11
Tristan Common,tcommon4u@discuz.net,1984-10-09
Miguel Crut,mcrut4v@google.de,1999-10-17
Willi Brownett,wbrownett4w@sakura.ne.jp,2001-01-23
Nessa Whitemarsh,nwhitemarsh4x@imdb.com,1985-06-16
Faunie Mowat,fmowat4y@blog.com,1982-08-18
Lucinda Pesselt,lpesselt4z@instagram.com,2001-05-11
Massimiliano Beggin,mbeggin50@wikia.com,1982-12-12
Mayor Blakeden,mblakeden51@amazon.de,1980-01-01
Inez Plascott,iplascott52@netlog.com,2003-09-03
Selene Dedenham,sdedenham53@theguardian.com,2000-12-29
Corina Sutton,csutton55@wufoo.com,2003-02-09
Smitty Letcher,sletcher56@ow.ly,1992-07-23
Filippa Hardway,fhardway57@mtv.com,1987-04-18
Juana Tamburo,jtamburo58@meetup.com,1998-06-12
Hermina Magner,hmagner59@photobucket.com,2000-11-02
Erin Burling,eburling5a@163.com,1996-03-23
Beverlee Maskrey,bmaskrey5b@furl.net,1994-04-11
Zorah Keoghan,zkeoghan5c@tinypic.com,1989-04-03
Geordie Sanham,gsanham5d@bing.com,1985-06-18
Janette McAlindon,jmcalindon5e@dailymotion.com,2003-01-28
Harley Horsted,hhorsted5f@businessweek.com,1980-01-28
Nanine Solomon,nsolomon5g@amazon.com,1992-06-23
Hardy Cultcheth,hcultcheth5h@hud.gov,1987-03-12
Weylin Borgnol,wborgnol5i@house.gov,1991-06-11
Mariejeanne Gilbanks,mgilbanks5j@mapy.cz,1981-04-01
Babb Glencros,bglencros5k@vkontakte.ru,1996-12-29
Ingaberg Castrillo,icastrillo5l@ustream.tv,1984-03-12
Dallas Creevy,dcreevy5m@oracle.com,1984-02-27
Dex Kensett,dkensett5n@google.de,1992-05-04
Aldin Rolston,arolston5o@seattletimes.com,1995-09-01
Lauralee Mioni,lmioni5p@comsenz.com,1991-09-25
Catlee Somerlie,csomerlie5q@pbs.org,1994-01-02
Barry Richold,brichold5r@google.cn,2000-03-27
Walton Balazin,wbalazin5s@foxnews.com,1999-04-06
Steven Binney,sbinney5t@deviantart.com,1987-03-23
Katee Postlewhite,kpostlewhite5u@youku.com,2002-11-10
Eve De Mars,edemars5v@nature.com,1987-07-07
Heda McCrystal,hmccrystal5w@dmoz.org,1983-08-10
Opalina McGaughay,omcgaughay5x@domainmarket.com,2003-02-22
Kirsti Whebell,kwhebell5y@miitbeian.gov.cn,1991-01-30
Christina Hadden,chadden5z@lulu.com,1994-06-26
Edan Grane,egrane60@quantcast.com,1990-12-29
Annissa Silly,asilly61@home.pl,1997-07-14
Chelsea Capenor,ccapenor64@marriott.com,1986-11-15
Tania MacAlees,tmacalees65@samsung.com,1999-11-25
Brod Tisor,btisor66@bbb.org,2001-02-27
Renie Whitmarsh,rwhitmarsh67@vimeo.com,1991-11-23
Anselma Bransgrove,abransgrove68@gmpg.org,1998-02-01
Ursola Ashdown,uashdown6a@discuz.net,1982-02-18
Britney Garrat,bgarrat6c@wix.com,1989-05-09
Olivia Acome,oacome6d@surveymonkey.com,1983-10-12
Merna Rickhuss,mrickhuss6e@instagram.com,1988-10-11
Shae Matveyev,smatveyev6h@smh.com.au,1983-10-11
Thor Menure,tmenure6i@bbc.co.uk,1981-05-25
Carley Penwarden,cpenwarden6j@vimeo.com,1990-06-07
Flor Kemme,fkemme6l@naver.com,1991-09-12
Kath Hoggins,khoggins6n@devhub.com,1998-09-26
Brent Lammiman,blammiman6o@umich.edu,1981-03-03
Ezechiel Guerreiro,eguerreiro6p@etsy.com,1992-12-04
Collie Golt,cgolt6r@over-blog.com,1993-03-21
Cesar Poleye,cpoleye6s@squidoo.com,1983-05-29
Revkah Banghe,rbanghe6t@disqus.com,2002-03-28
Noach Kirlin,nkirlin6v@last.fm,1991-06-01
Mycah Scollick,mscollick6w@booking.com,2000-01-13
Peg Hunnam,phunnam6x@xinhuanet.com,1987-05-11
Dru Culross,dculross6y@drupal.org,2000-03-04
Ludovico Lethem,llethem6z@foxnews.com,1985-11-28
Uri Faithorn,ufaithorn70@reverbnation.com,1984-11-08
Natale Fawke,nfawke71@answers.com,1981-07-23
Yetta Cavilla,ycavilla72@fda.gov,1987-01-23
Reggi Nickols,rnickols73@bloomberg.com,1989-07-23
Rockie Maydway,rmaydway74@privacy.gov.au,1985-09-13
Cissiee Pennicard,cpennicard77@ifeng.com,1990-04-19
Euphemia Wisdom,ewisdom78@pbs.org,1994-06-14
Toddie Cavendish,tcavendish79@yale.edu,1987-10-28
Courtney Lacey,clacey7a@dot.gov,1989-01-13
Jephthah Rowesby,jrowesby7b@ehow.com,1996-10-23
Luce Duckworth,lduckworth7c@statcounter.com,1992-01-30
Micheal Zimmermanns,mzimmermanns7d@qq.com,1996-12-02
Lilyan Farlow,lfarlow7e@toplist.cz,1982-04-10
Nathanael Baggs,nbaggs7f@dropbox.com,1983-07-15
Verla Fryatt,vfryatt7g@bandcamp.com,1988-01-04
Isidro Kean,ikean7h@bizjournals.com,2003-04-04
Lindie Young,lyoung7i@washingtonpost.com,1985-06-06
Elisabeth Gammon,egammon7k@ucoz.com,1986-01-01
Merl Waddams,mwaddams7l@independent.co.uk,1996-04-05
Baron Beningfield,bbeningfield7m@fastcompany.com,2001-10-04
Suzette McVicker,smcvicker7n@paginegialle.it,1996-11-03
Pete Benner,pbenner7p@unblog.fr,1999-06-17
Giorgio Rees,grees7q@cisco.com,1981-12-01
Delores Balloch,dballoch7r@nasa.gov,1997-07-16
Heda De Ortega,hdeortega7s@tuttocitta.it,2000-11-22
Diena Jochens,djochens7t@ftc.gov,2002-01-20
Elana Undy,eundy7u@over-blog.com,2000-12-23
Nara Barts,nbarts7w@irs.gov,2000-04-25
Kent Ethelstone,kethelstone7x@slideshare.net,1995-03-02
Antoinette Trapp,atrapp7y@jigsy.com,1982-05-15
Axe Johl,ajohl7z@telegraph.co.uk,1989-09-06
Stephen Brierley,sbrierley80@tumblr.com,1999-06-22
Jean Glencrosche,jglencrosche81@arizona.edu,1994-06-27
Rochester Johananov,rjohananov82@nba.com,1999-07-15
Almire Roblett,aroblett83@java.com,1988-06-13
Marcellina Wathell,mwathell85@godaddy.com,1982-05-26
Ryun Showers,rshowers86@gov.uk,1996-10-17
Tedie Jeannin,tjeannin87@fema.gov,1986-09-05
Rhianna Drysdell,rdrysdell88@icq.com,1988-10-02
Fedora Brabon,fbrabon89@uiuc.edu,1997-07-15
Lyell O' Dooley,lodooley8b@posterous.com,1996-02-28
Haroun Scullion,hscullion8c@reddit.com,2001-12-19
Dulcia Connett,dconnett8d@github.com,1980-01-13
Chrisy Kuschel,ckuschel8f@yelp.com,1995-04-20
Emilie McWhorter,emcwhorter8g@instagram.com,1983-02-17
Ebony Audley,eaudley8j@latimes.com,1982-07-23
Cordy Conlaund,cconlaund8l@nature.com,1985-04-02
Piotr Brand,pbrand8m@tiny.cc,1994-02-20
Cristabel Tutill,ctutill8n@adobe.com,1983-02-23
Willa Oxbie,woxbie8o@bizjournals.com,1992-03-13
Erny Cantera,ecantera8p@bloglovin.com,1994-09-21
Abrahan Cristofolini,acristofolini8q@newsvine.com,1999-06-26
Dell Couling,dcouling8r@reverbnation.com,1990-12-31
Nikolas Durward,ndurward8s@accuweather.com,1984-06-24
Stinky Snoad,ssnoad8t@bluehost.com,2000-11-18
Stinky Spellworth,sspellworth8u@canalblog.com,1996-11-18
Therese McMechan,tmcmechan8v@ucla.edu,2000-12-04
Alikee Mesant,amesant8w@networkadvertising.org,1988-09-03
Ferne Berrycloth,fberrycloth8x@simplemachines.org,1999-08-08
Jared McDonagh,jmcdonagh8y@pagesperso-orange.fr,2001-09-15
Joela O'Crigan,jocrigan8z@forbes.com,1986-02-08
Jarret Musk,jmusk92@reference.com,1995-06-25
Anna-diane Ramshay,aramshay93@list-manage.com,2002-08-28
Zachery Andrysiak,zandrysiak96@cbsnews.com,1989-07-31
Westleigh Daniells,wdaniells99@wikia.com,1983-05-19
Lelah Floris,lfloris9a@sogou.com,1998-01-26
Holli Hathaway,hhathaway9b@ezinearticles.com,2001-09-21
Taryn Simon,tsimon9c@reddit.com,1987-07-29
Nat Huish,nhuish9e@virginia.edu,2002-04-26
Renata Allcott,rallcott9f@1und1.de,1989-07-13
Brooks Britzius,bbritzius9g@constantcontact.com,2003-02-14
Gerti Glowach,gglowach9h@plala.or.jp,1984-09-07
Moritz Tomney,mtomney9i@miibeian.gov.cn,2000-01-20
Bettye McCready,bmccready9k@alibaba.com,1987-11-27
Gail Edleston,gedleston9l@thetimes.co.uk,1981-02-08
Theadora Bachnic,tbachnic9m@jugem.jp,1981-12-09
Gawen Tidd,gtidd9n@shinystat.com,1991-07-15
Rosette Philpin,rphilpin9o@va.gov,1995-09-19
Freda Serraillier,fserraillier9p@live.com,1990-02-02
Constancy Stoffel,cstoffel9q@usgs.gov,1991-10-24
Sal Forten,sforten9r@squidoo.com,1992-10-20
Yettie Sorbie,ysorbie9s@goo.gl,2002-08-12
Garv Dreakin,gdreakin9t@posterous.com,1985-07-29
Mathilda Ditt,mditt9u@unicef.org,2003-06-24
Mick Trotter,mtrotter9v@baidu.com,1986-04-06
Jessa Spincke,jspincke9w@wordpress.org,1984-08-21
Manuel Biasio,mbiasio9x@abc.net.au,1985-05-03
Lowell Fairfull,lfairfulla0@tamu.edu,1980-11-03
Sheila Pearle,spearlea1@umn.edu,1981-01-29
Saraann Lanon,slanona3@irs.gov,1987-06-15
Waldo Reany,wreanya4@yellowbook.com,1990-10-01
Pammie Haysar,phaysara5@earthlink.net,1991-12-25
Loydie Pheby,lphebya6@hao123.com,1998-11-23
Bryan Milillo,bmililloa7@imageshack.us,1993-01-28
Benedicta Simchenko,bsimchenkoa8@vk.com,1986-07-01
Neila Botting,nbottingab@marriott.com,1982-01-28
Cordey Lythgoe,clythgoeac@ftc.gov,2002-07-08
Bertie Sebrook,bsebrookad@si.edu,2000-08-14
Andrej Briffett,abriffettae@state.tx.us,1980-04-10
Rahel Bedburrow,rbedburrowaf@sciencedirect.com,1990-01-01
Cull Moneti,cmonetiag@last.fm,1993-01-22
Kelila Vyel,kvyelah@oaic.gov.au,1998-06-28
Sydelle Fasham,sfashamaj@netlog.com,1987-10-13
Farlay Spandley,fspandleyak@tamu.edu,1988-03-13
Hatti Gabites,hgabitesal@dyndns.org,1980-10-29
Claiborne Surman,csurmanam@washington.edu,1986-07-15
Marmaduke Santus,msantusao@intel.com,1994-04-21
Hyatt Dodding,hdoddingap@rambler.ru,1994-11-13
Morissa Malins,mmalinsaq@wix.com,1990-04-16
Walsh Vasiljevic,wvasiljevicar@prlog.org,1988-03-13
Adolphus Dubery,aduberyas@google.co.uk,2003-01-30
Emanuel McClounan,emcclounanat@ucsd.edu,2000-02-05
Vladimir Lambdon,vlambdonav@ft.com,1987-04-12
Lucille Witherow,lwitherowaw@wikimedia.org,1993-10-30
Gratiana Tertre,gtertreax@deliciousdays.com,1994-08-22
Tatiana Blackwood,tblackwoodaz@virginia.edu,1985-05-03
Hubert Sillis,hsillisb0@princeton.edu,1984-12-18
Penelope Dalgarno,pdalgarnob1@reddit.com,1997-08-25
Gianina Gertz,ggertzb2@t-online.de,1985-10-30
Glenden L'Archer,glarcherb3@altervista.org,1988-03-18
Noella Twelvetrees,ntwelvetreesb5@mit.edu,1982-03-21
Farrel Iffland,fifflandb6@chron.com,1996-05-25
Innis Sivills,isivillsb7@newyorker.com,1997-04-02
Kimball Shingles,kshinglesb8@abc.net.au,1992-10-03
Shermie Rolfe,srolfebb@barnesandnoble.com,1988-09-25
Foster Aers,faersbc@gravatar.com,1989-04-01
Bentley Sally,bsallybe@ibm.com,1995-05-06
Bess Halcro,bhalcrobf@nsw.gov.au,1987-03-06
Kath Goneau,kgoneaubi@biglobe.ne.jp,1989-06-06
Orion Rolling,orollingbj@shop-pro.jp,1986-01-30
Orin Bangs,obangsbk@yellowbook.com,1980-05-27
Verge Rime,vrimebm@surveymonkey.com,1987-05-15
Vince Haward,vhawardbn@columbia.edu,1997-12-27
Patrick Campos,pcamposbo@goodreads.com,1989-07-01
Sydel Glavias,sglaviasbp@fema.gov,2003-01-17
Luciana Creber,lcreberbq@dell.com,2002-05-13
Grace Pietzke,gpietzkebr@posterous.com,1980-02-20
Park Dagnan,pdagnanbs@mac.com,1982-07-25
Harriot Skillen,hskillenbt@de.vu,2000-02-05
Griffith Burner,gburnerbu@jugem.jp,1980-08-28
Mendie Oade,moadebv@whitehouse.gov,1995-01-06
Enriqueta Hamerton,ehamertonbw@vkontakte.ru,2001-09-24
Eba Breissan,ebreissanby@netlog.com,1992-12-09
Frank Merredy,fmerredyc0@tripod.com,2000-12-09
Toddie Castletine,tcastletinec1@ftc.gov,1999-06-19
Barton Marnane,bmarnanec2@foxnews.com,1990-03-07
Raddie Winnister,rwinnisterc4@a8.net,1987-07-18
Georgie Van Dalen,gvandalenc5@cbsnews.com,1984-03-10
Stacie Pearn,spearnc6@drupal.org,1993-07-04
Antonius Brearley,abrearleyc7@salon.com,1993-03-15
Val Billson,vbillsonc8@upenn.edu,1996-12-23
Juliann Toppes,jtoppesc9@walmart.com,1981-07-04
Hester Zambonini,hzamboninica@indiegogo.com,1995-06-03
Sheilakathryn Walesby,swalesbycb@surveymonkey.com,1995-12-18
Jacinthe Sanja,jsanjacc@xrea.com,1988-04-01
Jerry Boulds,jbouldscd@foxnews.com,1999-01-10
Katharine Camili,kcamilice@independent.co.uk,1997-04-06
Stirling Abby,sabbycf@oaic.gov.au,1985-01-10
Claiborne Andrich,candrichcg@themeforest.net,2002-06-27
Erin Caught,ecaughtch@mayoclinic.com,1989-03-25
Jarib Hethron,jhethronci@google.ru,2003-01-24
Essa Tinston,etinstoncj@psu.edu,2000-06-04
Che Spykings,cspykingscl@goo.ne.jp,2001-09-26
Donetta Daville,ddavillecn@printfriendly.com,1997-03-20
Berte Readett,breadettco@chronoengine.com,1991-11-01
Kathy Liversidge,kliversidgecp@theglobeandmail.com,1997-06-06
Junette Sowrah,jsowrahcq@europa.eu,1997-12-31
Riva Roughan,rroughancr@livejournal.com,1996-06-12
Giordano Millership,gmillershipcs@patch.com,1983-05-22
Garrett Gwilt,ggwiltct@scientificamerican.com,1987-05-12
Bruno Wardingly,bwardinglycv@blogger.com,1993-10-05
Robinett Denzey,rdenzeycw@apple.com,2001-03-06
Dotty Yakov,dyakovcx@mit.edu,1990-11-27
Trefor Guest,tguestcz@reverbnation.com,1997-05-11
Caron Bryce,cbryced0@cam.ac.uk,1998-12-18
Welch Muckle,wmuckled2@rakuten.co.jp,2001-04-14
Auguste Breewood,abreewoodd4@yandex.ru,2001-07-06
Jessa Dykes,jdykesd5@unc.edu,1993-04-14
Sarah Barabisch,sbarabischd6@foxnews.com,1985-02-27
Lorettalorna Mabbett,lmabbettd7@jalbum.net,1987-04-07
Eddy Ewert,eewertd8@goo.ne.jp,1993-06-30
Lindy Halfhead,lhalfheadd9@rambler.ru,1993-02-18
Thedric Giacopello,tgiacopellodb@artisteer.com,1994-02-10
Alica Sellan,asellandc@apache.org,1981-12-30
Sadye Axworthy,saxworthyde@redcross.org,1985-03-27
Farris Beldham,fbeldhamdf@theatlantic.com,1990-03-16
Xavier McVitie,xmcvitiedg@webs.com,1987-01-14
Ambrosi Terron,aterrondi@trellian.com,2003-11-13
Edd Arendsen,earendsendj@newsvine.com,2003-06-14
Jaquelin Hooban,jhoobandk@oaic.gov.au,1999-01-22
Darius Trent,dtrentdl@mac.com,1994-01-22
Ida Barff,ibarffdm@sciencedaily.com,1980-07-02
Conrade Newcomen,cnewcomendo@google.com.hk,1999-10-10
Taddeusz Boskell,tboskelldq@nba.com,1988-07-26
Alden Bryett,abryettdr@simplemachines.org,1983-06-20
Kenna Pink,kpinkds@g.co,1987-03-09
Annabela Stiegers,astiegersdt@phpbb.com,1998-08-27
Jade Ferraretto,jferrarettodu@answers.com,1992-07-20
Marys Crombleholme,mcrombleholmedv@ucsd.edu,1980-08-14
Edin Hars,eharsdw@istockphoto.com,2003-02-10
Cicily Brient,cbrientdx@facebook.com,1983-08-27
Millisent Bodocs,mbodocsdz@uiuc.edu,2000-09-18
Hector Alps,halpse0@rambler.ru,1987-03-04
Sylas Penhearow,spenhearowe1@blogger.com,1980-07-09
Rollins Fearick,rfearicke2@themeforest.net,1992-11-18
Rodge Minocchi,rminocchie3@harvard.edu,1995-08-25
Melba Molesworth,mmolesworthe4@alexa.com,1983-11-30
Juieta Winchester,jwinchestere5@lulu.com,1995-01-17
Clara Loalday,cloaldaye7@e-recht24.de,1991-05-07
Maury Gisborne,mgisbornee8@taobao.com,1989-01-27
Siobhan Butson,sbutsone9@youku.com,1997-12-11
Annecorinne Greenham,agreenhameb@dropbox.com,1990-12-30
Sharline Beckhouse,sbeckhouseed@dell.com,1989-06-06
Gloriane Twining,gtwiningee@salon.com,1986-10-16
Jodie Blei,jbleief@wordpress.org,1985-08-11
Guss Daughtery,gdaughteryeg@1und1.de,1994-07-30
Elset Pachta,epachtaeh@eepurl.com,1980-08-27
Ingamar Mulran,imulranei@tuttocitta.it,2002-02-09
Letty Gambell,lgambellej@ovh.net,1990-10-29
Minne Currie,mcurrieem@shutterfly.com,1994-08-07
Malvina Spincke,mspinckeen@ocn.ne.jp,1984-02-25
Micheil Lowton,mlowtoneo@mediafire.com,1984-08-08
Juditha Dorrell,jdorrellep@hugedomains.com,1989-04-18
Grissel Lande,glandeer@cafepress.com,1998-07-14
Chrotoem Ortells,cortellses@issuu.com,1994-10-10
Aurelea Griggs,agriggsev@sphinn.com,1984-10-26
Eugenie Harries,eharriesew@hugedomains.com,1986-01-10
Mariel Mee,mmeeex@dell.com,1998-01-30
Brant Jamison,bjamisoney@independent.co.uk,1997-05-12
Wilden Iamittii,wiamittiif0@latimes.com,1980-12-22
Lyda Castanos,lcastanosf1@cbslocal.com,1991-03-19
Bucky Tedman,btedmanf2@aol.com,1984-04-13
Shayne Crinage,scrinagef3@msn.com,1991-03-31
Amity Keigher,akeigherf5@tripadvisor.com,1980-07-21
Vassily Rollins,vrollinsf6@sina.com.cn,1994-04-04
Forest Tatters,ftattersf7@army.mil,1984-02-16
Cordie Veart,cveartf8@angelfire.com,1982-02-22
Kelcie O'Sesnane,kosesnanef9@squidoo.com,2002-08-26
Rickard Docwra,rdocwrafd@japanpost.jp,1992-02-15
Ebenezer Reid,ereidfe@sbwire.com,1998-03-18
Ximenez Kellick,xkellickff@sitemeter.com,1995-04-16
Kellia Crosston,kcrosstonfg@wired.com,1999-02-08
Che Tomaszewicz,ctomaszewiczfi@npr.org,1997-09-23
Emmett Entissle,eentisslefj@imdb.com,1997-06-15
Penny Minocchi,pminocchifk@yale.edu,1983-06-04
Gus Parkman,gparkmanfl@toplist.cz,2002-03-22
Viviene Normanell,vnormanellfm@nydailynews.com,2001-01-06
Mollie Strethill,mstrethillfn@pen.io,1995-10-23
Gretel Critzen,gcritzenfo@domainmarket.com,1988-01-06
Gifford Pennone,gpennonefp@cafepress.com,1988-06-21
Elysee Rounsefull,erounsefullfq@addthis.com,1985-03-14
Alaine Curror,acurrorfr@jalbum.net,1995-10-14
Kayne McErlaine,kmcerlaineft@nbcnews.com,1980-06-28
Gwyn Gauche,ggauchefw@mayoclinic.com,1986-02-15
Corny Hedau,chedaufx@friendfeed.com,1993-03-10
Selina Soame,ssoamefy@arizona.edu,2000-10-14
Gerrilee Lanphier,glanphierfz@craigslist.org,1997-07-30
Cindelyn Jack,cjackg0@apple.com,2001-10-28
Brita Manuelli,bmanuellig2@goodreads.com,1983-09-22
Angelico Oultram,aoultramg4@patch.com,1982-07-03
Antonia Thorlby,athorlbyg5@angelfire.com,1996-10-28
Cully Lamond,clamondg6@oaic.gov.au,1984-08-13
Reuben Lyst,rlystg7@newyorker.com,1995-05-24
Margit Evason,mevasong8@freewebs.com,2000-04-10
Teresina Antonsson,tantonssong9@nsw.gov.au,1987-01-31
Sergio McDill,smcdillga@youtu.be,1986-04-13
Rheba Hassett,rhassettgb@wordpress.com,2003-07-02
Dorrie Shoveller,dshovellergc@huffingtonpost.com,1982-02-12
Derby Bleasby,dbleasbyge@google.nl,1983-08-11
Sasha Bilverstone,sbilverstonegf@discuz.net,1995-02-23
Rafael Highton,rhightongg@infoseek.co.jp,2002-09-03
Juan Huckle,jhucklegh@businesswire.com,1983-12-14
Sheryl Muslim,smuslimgi@dion.ne.jp,1984-05-12
Goldia Van der Son,gvandersongm@businessweek.com,1991-09-17
Herc Crutcher,hcrutchergn@sina.com.cn,1998-08-29
Wallie Kunes,wkunesgp@toplist.cz,1999-06-14
Hyman Bowry,hbowrygq@chron.com,1992-09-25
Barney Anthoin,banthoingr@ihg.com,1993-11-20
Cinnamon Keightley,ckeightleygs@reference.com,1985-09-24
Demetria Screase,dscreasegt@shareasale.com,1994-06-12
Reidar Selvester,rselvestergu@fc2.com,1992-07-20
Thurstan Cowlard,tcowlardgv@psu.edu,1992-12-13
Abdul Scotchmer,ascotchmergy@sbwire.com,1983-01-17
Cobb Haines,chainesgz@altervista.org,2003-07-25
Jonathan Pflieger,jpfliegerh1@engadget.com,1984-08-07
Yul Mulvin,ymulvinh4@globo.com,1995-01-16
Adel Anderbrugge,aanderbruggeh5@dot.gov,1997-06-12
Arty Godfree,agodfreeh6@examiner.com,1986-02-02
Timi Usher,tusherh7@list-manage.com,1980-03-27
Darbee Gouthier,dgouthierha@umich.edu,2002-11-14
Baily Novak,bnovakhb@senate.gov,1980-08-23
Carlyn Cockings,ccockingshe@wsj.com,1985-07-16
Aland Skarr,askarrhf@naver.com,2000-06-21
Judye Ratnege,jratnegehg@live.com,1996-05-19
Viole Bernadon,vbernadonhh@wsj.com,1983-01-24
Lucie Bruce,lbrucehj@disqus.com,1995-11-28
Hermia Stubbes,hstubbeshk@google.ru,2001-10-19
Josiah Hovy,jhovyhl@fda.gov,1988-03-15
Guenna Freed,gfreedho@businessinsider.com,1980-08-09
Martyn Bohling,mbohlinghp@mapy.cz,1989-10-21
Carrissa Dedon,cdedonhq@sbwire.com,1996-11-06
Lazarus Overbury,loverburyhr@tamu.edu,1987-12-03
Eloise Shobbrook,eshobbrookhs@photobucket.com,1993-08-02
Pierrette Darlison,pdarlisonht@51.la,1996-11-19
Isabella Ringrose,iringrosehu@pen.io,1986-03-22
Chariot Celier,ccelierhw@php.net,1985-10-30
Giuditta Borland,gborlandhy@npr.org,2001-10-11
Colin Eddison,ceddisonhz@amazon.de,2003-09-08
Duff Offer,dofferi0@tripod.com,1983-10-27
Corissa Lourens,clourensi1@berkeley.edu,2002-04-30
Gearalt Gentle,ggentlei2@loc.gov,2000-11-13
Lockwood Belfelt,lbelfelti3@who.int,2003-09-18
Aubine Norsworthy,anorsworthyi4@wikimedia.org,1995-03-12
Arnoldo Bugler,abugleri6@friendfeed.com,1981-11-25
Mathian Bartos,mbartosi7@jiathis.com,1991-05-28
Angil Blakely,ablakelyi8@wordpress.org,1997-08-24
Lesley Rosenblatt,lrosenblatti9@simplemachines.org,1995-01-12
Staford Guillou,sguillouia@cornell.edu,2003-05-23
Hieronymus Mulran,hmulranic@elpais.com,1994-02-18
Benyamin Harmon,bharmonig@wunderground.com,1985-01-24
Aliza Gymlett,agymlettih@bravesites.com,2003-06-28
Birgitta Banfill,bbanfillii@ibm.com,1992-01-19
Cate Tideswell,ctideswellij@nydailynews.com,2002-01-26
Becca O'Scanlon,boscanlonik@google.ca,1990-04-18
Fraze Murfett,fmurfettil@cnbc.com,1984-12-24
Roselia Haslehurst,rhaslehurstim@dell.com,2001-10-17
Ramsey Bentz,rbentzip@businessinsider.com,1985-03-09
Base O'Doghesty,bodoghestyiq@seesaa.net,2001-08-27
Marrissa McClaughlin,mmcclaughlinis@abc.net.au,1984-01-10
Ave Polino,apolinoit@rediff.com,1980-08-06
Kassandra Pickering,kpickeringiv@ebay.com,1989-08-08
Chlo Killock,ckillockiw@indiegogo.com,1993-10-06
Eddy Gillitt,egillittix@yolasite.com,2001-01-08
Maddy Pinnijar,mpinnijariy@123-reg.co.uk,1992-05-19
Berk Spinage,bspinageiz@bloglines.com,1996-08-09
Sunshine Cridge,scridgej0@buzzfeed.com,1989-04-22
Dannie Woodson,dwoodsonj1@liveinternet.ru,1991-07-22
Freedman Manuely,fmanuelyj3@seattletimes.com,1998-04-14
Angel McQueen,amcqueenj4@taobao.com,1993-10-08
Ximenes Drewson,xdrewsonj5@si.edu,1980-09-25
Mallory Chatband,mchatbandj6@purevolume.com,1986-03-15
Darwin Wegner,dwegnerj7@ihg.com,1988-12-30
Hetti Alliott,halliottj8@patch.com,2001-05-27
Shaine Videler,svidelerj9@theatlantic.com,1989-03-28
Darcy Wickson,dwicksonja@cam.ac.uk,1995-06-05
Malory Gores,mgoresjc@ucoz.com,2000-05-07
Dodie Eckly,decklyjd@tmall.com,2001-01-04
Cecilia Ferneley,cferneleyje@google.com.br,1982-02-28
Torin Comberbach,tcomberbachjf@slashdot.org,2003-10-24
Xever Chasson,xchassonjg@microsoft.com,1999-05-15
Durante Lindberg,dlindbergjh@disqus.com,1982-01-15
Ingra Caldwell,icaldwellji@apache.org,1996-05-11
Darbee McDonnell,dmcdonnelljj@drupal.org,1989-07-23
Lila Diggin,ldigginjk@lycos.com,1993-02-26
Frannie Baldinotti,fbaldinottijl@google.cn,1999-07-19
Burnaby Dun,bdunjn@is.gd,1981-11-30
Roi Siemon,rsiemonjp@themeforest.net,1981-09-10
Melany Trenholm,mtrenholmjq@1688.com,1995-08-04
Trent Cattach,tcattachjs@barnesandnoble.com,1995-09-12
Martainn Ebdon,mebdonju@ehow.com,2001-06-20
Tiertza Ackers,tackersjw@slideshare.net,2003-07-11
Ericha Scoular,escoularjx@ucla.edu,1983-09-18
Quentin Renforth,qrenforthjz@reference.com,1981-07-21
Tremaine Prys,tprysk0@java.com,1995-05-25
Tara Killford,tkillfordk1@wufoo.com,1999-03-26
Cchaddie Kristoffersson,ckristofferssonk2@gmpg.org,1982-12-05
Estell Rainsbury,erainsburyk3@sourceforge.net,1993-08-15
Bethany Raggett,braggettk4@webnode.com,1997-05-28
Bran Quilliam,bquilliamk5@loc.gov,1983-10-31
Mathias Lavigne,mlavignek7@weebly.com,1989-03-09
Lacey Kynsey,lkynseyka@liveinternet.ru,1987-03-28
Stephi Shorthouse,sshorthousekb@princeton.edu,1999-09-30
Ettore Bugbee,ebugbeekc@irs.gov,1992-06-12
Felipe Casbon,fcasbonke@arstechnica.com,1989-02-28
Francklin Synan,fsynankf@slideshare.net,1989-04-14
Merissa Ranyell,mranyellkh@163.com,1999-02-11
Winifred Jordi,wjordiki@sohu.com,1985-07-05
Mora Southcoat,msouthcoatkj@jalbum.net,1998-10-26
Ada Roxby,aroxbykk@independent.co.uk,1985-07-30
Renee Scopyn,rscopynkl@typepad.com,2001-09-16
Emmalyn Fronsek,efronsekkm@home.pl,2001-05-07
Zia Shury,zshurykn@about.me,1996-12-15
Lew Davidsson,ldavidssonko@spiegel.de,1980-02-19
Alexander Cristofari,acristofarikp@networkadvertising.org,1982-01-14
Shelbi Orgel,sorgelkq@wikimedia.org,1999-06-03
Scottie Clifforth,sclifforthkr@geocities.jp,1990-10-06
Tommy Imason,timasonks@cisco.com,1998-04-03
Alison Baron,abaronkt@omniture.com,1985-01-22
Herrick Lindeboom,hlindeboomku@cloudflare.com,1988-02-26
Leola Hurdis,lhurdiskw@imageshack.us,1980-01-10
Phyllys Kershow,pkershowkx@walmart.com,1983-04-29
Chantal Orteu,corteuky@salon.com,1986-04-04
Caesar Blazek,cblazekkz@dagondesign.com,1987-02-01
Tova Aguirrezabala,taguirrezabalal0@seesaa.net,2002-03-16
Pepita Ondrich,pondrichl1@tmall.com,1984-11-18
Jilly Kitter,jkitterl4@shop-pro.jp,1998-05-30
Calli Deavin,cdeavinl5@ask.com,1986-11-03
Dewitt Bendelow,dbendelowl7@lulu.com,1980-04-12
Susie Knightley,sknightleyl8@devhub.com,2001-05-26
Madalena Cromblehome,mcromblehomela@europa.eu,2001-03-24
Gladys Ashelford,gashelfordlb@hubpages.com,1987-10-24
Fulton Doogan,fdooganlc@prlog.org,1995-02-26
Junia Houndson,jhoundsonld@fda.gov,1996-03-18
Kermit Honniebal,khonnieballe@google.co.uk,1996-05-13
Wynnie Sipson,wsipsonlf@cmu.edu,1995-06-21
Mikel Clelland,mclellandlh@goo.gl,1989-02-04
Carmelia Braid,cbraidlj@tmall.com,1982-06-06
Vince Normanell,vnormanelllk@pbs.org,1992-06-12
Jayson Dyball,jdyballll@aboutads.info,1990-02-10
Isiahi Havenhand,ihavenhandlm@canalblog.com,1996-05-28
Lira Chazerand,lchazerandln@barnesandnoble.com,1984-06-13
Sibley Hackley,shackleylp@ucoz.com,1990-10-10
Boycey Sherebrook,bsherebrooklr@netscape.com,1987-06-15
Franni Domenico,fdomenicols@cmu.edu,1991-04-27
Keeley Boays,kboayslu@newyorker.com,1982-06-17
Adele Smogur,asmogurlv@mac.com,2002-04-27
Dmitri Gyngell,dgyngelllx@e-recht24.de,1984-03-26
Sascha Bebbell,sbebbellly@icq.com,1997-03-21
Bernardine Trehearn,btrehearnm0@auda.org.au,1988-01-03
Anders Cahalan,acahalanm1@illinois.edu,1983-09-08
Lani Brocks,lbrocksm2@amazonaws.com,1981-10-25
Maxine Sawl,msawlm3@opera.com,1981-12-02
Colene Antoszczyk,cantoszczykm5@barnesandnoble.com,1997-03-05
Carson Ratnege,cratnegem7@google.it,1995-07-10
Alicia Pinchon,apinchonm8@imgur.com,1980-02-18
Bret MacKeague,bmackeaguem9@nps.gov,1986-06-28
Edythe Decourt,edecourtmb@purevolume.com,1986-03-20
Ninette Poundsford,npoundsfordmd@pinterest.com,1991-01-26
Buddie Grodden,bgroddenmf@google.es,1998-03-27
Dreddy Brotherhood,dbrotherhoodmg@canalblog.com,1987-11-20
Evin Kobpal,ekobpalmh@gravatar.com,1989-04-03
Tab Gobel,tgobelmi@dailymotion.com,1986-10-06
Hurleigh Manes,hmanesmj@army.mil,1990-07-04
Ferdinanda Rupel,frupelmk@nyu.edu,2003-06-30
Aldous Headley,aheadleyml@oaic.gov.au,1982-10-24
Allen Dyett,adyettmn@photobucket.com,1994-09-14
Orel Fischer,ofischermo@illinois.edu,1995-03-14
Merilyn Kunath,mkunathmp@webs.com,1994-07-17
Bailie Jeannaud,bjeannaudmq@craigslist.org,1987-04-19
Weylin Alcoran,walcoranmr@jigsy.com,1996-11-11
Amara Pirt,apirtms@dion.ne.jp,1981-07-30
Lizzy Frere,lfreremt@smh.com.au,1999-05-24
Walther Eskriet,weskrietmu@prnewswire.com,1982-11-21
Caleb Carberry,ccarberrymw@de.vu,1981-11-24
Bond Kun,bkunmx@ask.com,1982-12-08
Cullen Gruszczak,cgruszczakmy@ifeng.com,1983-06-22
Mead Pinsent,mpinsentmz@java.com,1998-11-20
Magdalene McKevitt,mmckevittn0@w3.org,1986-01-17
Wiatt Ashburner,washburnern1@hud.gov,1998-07-12
Hodge O'Brogan,hobrogann2@cafepress.com,1982-07-26
Cami Filon,cfilonn3@addtoany.com,1991-06-23
Winfield Pohlke,wpohlken4@foxnews.com,1993-03-11
Anastasie Hourigan,ahourigann5@histats.com,1994-09-28
Odie Faichney,ofaichneyn6@digg.com,1987-12-11
Raine Massel,rmasseln8@noaa.gov,1991-12-05
Loretta Ellerbeck,lellerbeckn9@cbsnews.com,1996-08-16
Nevsa Pahler,npahlerna@paypal.com,1990-08-15
Rebekkah Martynov,rmartynovnb@patch.com,2003-06-03
Eleonora Dreossi,edreossind@upenn.edu,1992-05-13
Moise Caudelier,mcaudelierne@netlog.com,2003-11-04
Lanni MacCorley,lmaccorleynf@netscape.com,1984-10-12
Stephenie Jurges,sjurgesng@jimdo.com,1983-12-15
Tana Felstead,tfelsteadnh@tinyurl.com,1991-03-02
Rollo Garforth,rgarforthni@ifeng.com,1981-09-09
Stirling Pamment,spammentnj@army.mil,1985-08-30
Abbey Leadston,aleadstonnl@goodreads.com,1998-01-08
Koo Minchella,kminchellanm@guardian.co.uk,1996-05-31
Harald Guild,hguildnn@icio.us,1994-03-20
Ludovico Perfect,lperfectno@china.com.cn,1983-09-18
Ingelbert O'Lennane,iolennanenp@technorati.com,2001-11-17
Dru Rushmare,drushmarenq@deviantart.com,1989-05-28
Dorice Boosey,dbooseynr@whitehouse.gov,1984-10-16
Cosme Vivers,cviversns@wikia.com,1981-12-11
Ewen Moss,emossnt@github.com,1987-04-22
Aldo Seid,aseidnv@paypal.com,1982-05-07
Darill Mandel,dmandelnw@artisteer.com,1999-06-30
Ninette Tumulty,ntumultynx@technorati.com,1995-07-06
Myrlene Unwins,munwinsny@skyrock.com,1990-12-31
Torie Eslie,teslienz@wufoo.com,2003-05-27
Giselbert Breffit,gbreffito0@state.tx.us,1990-03-25
Coriss Abraham,cabrahamo1@studiopress.com,1987-06-17
Batholomew Mant,bmanto2@ucoz.com,1997-01-10
Monty Denyer,mdenyero4@nature.com,1987-12-12
Carma Da Costa,cdacostao5@scientificamerican.com,1994-08-04
Borg Carbery,bcarberyo6@comcast.net,1997-03-17
Rheba Bassom,rbassomo7@house.gov,1992-08-03
Salvador Sawkins,ssawkinso9@pagesperso-orange.fr,1988-07-27
Alejandro Sapey,asapeyoa@chicagotribune.com,1981-09-06
Marcelia Summerley,msummerleyob@dion.ne.jp,2000-04-18
Moyna Bruford,mbrufordoc@livejournal.com,1992-05-29
Francine Doxey,fdoxeyod@xing.com,1987-08-04
Gabbey Emeney,gemeneyof@friendfeed.com,1991-08-18
Shauna Frick,sfrickog@tuttocitta.it,1984-02-10
Melonie Flory,mfloryoh@photobucket.com,2001-04-29
Carolee McClary,cmcclaryoi@house.gov,1980-02-08
Paige Pietruszka,ppietruszkaol@last.fm,1981-11-13
Clarice Minci,cminciom@marriott.com,1992-10-08
Julina Choake,jchoakeon@chron.com,1998-06-16
Sandro Spawell,sspawellop@deliciousdays.com,2002-03-04
Brandy Chitter,bchitteroq@lulu.com,1989-06-11
Biron Abbett,babbettor@washington.edu,1999-06-14
Haven Faccini,hfaccinios@epa.gov,1993-10-22
Thorn Austing,taustingot@dyndns.org,1980-04-21
Alyce Tregent,atregentou@hatena.ne.jp,1981-08-28
Levi Stummeyer,lstummeyerow@prlog.org,1990-10-02
Malorie Sprakes,msprakesoy@sakura.ne.jp,1998-08-24
Jedd MacGinney,jmacginneyoz@vk.com,1991-06-16
Padraic Brasseur,pbrasseurp0@technorati.com,1989-10-04
Hester Cissen,hcissenp2@spiegel.de,2001-10-24
Tamarra Moxstead,tmoxsteadp3@jugem.jp,1994-11-02
Evan Jori,ejorip4@webeden.co.uk,1988-07-08
Dolly McEnhill,dmcenhillp5@hp.com,2002-02-19
Carr Jeggo,cjeggop6@wufoo.com,1991-03-16
Chiquia Bygate,cbygatep7@cdbaby.com,1986-10-20
Burr Garn,bgarnp9@hao123.com,1989-02-22
Enriqueta Doy,edoypa@booking.com,1999-10-23
Jeannine Philipp,jphilipppb@yellowpages.com,1992-09-20
Vassili Zuanazzi,vzuanazzipc@joomla.org,2003-12-15
Myron Fayter,mfayterpd@flickr.com,1986-12-31
Vassili O'Longain,volongainpe@chicagotribune.com,2003-03-16
Lucille Avo,lavopf@wiley.com,1984-02-05
Norbie Yallowley,nyallowleypg@topsy.com,2002-12-24
Cilka Foat,cfoatph@google.de,2002-04-19
Katine Trippick,ktrippickpi@examiner.com,1995-11-12
Yolande Bouldstridge,ybouldstridgepj@accuweather.com,2003-11-16
Star Vertigan,svertiganpk@cam.ac.uk,1991-11-08
Trista Dryden,tdrydenpl@shutterfly.com,1987-06-16
Carmelita Shreeves,cshreevespm@mapquest.com,2000-12-03
Augusto Tweddell,atweddellpn@ca.gov,1992-04-21
Vincenz Josebury,vjoseburypr@constantcontact.com,1992-07-18
Dacie Grassett,dgrassettps@whitehouse.gov,1999-05-17
Levi Malek,lmalekpt@yelp.com,1994-10-10
Vikki MacGrath,vmacgrathpu@drupal.org,1992-11-21
Shanon Hollow,shollowpv@quantcast.com,1980-01-24
Jenica Beeby,jbeebypw@msu.edu,1989-02-28
Ignacio Gajewski,igajewskipx@tuttocitta.it,2000-04-21
Denise Losel,dloselpy@google.ca,1981-09-08
Wilmer Canland,wcanlandpz@wp.com,1986-06-20
Jonas Tuxell,jtuxellq0@tmall.com,1993-10-11
Barbra Haye,bhayeq1@infoseek.co.jp,1993-06-09
Monty Sier,msierq3@walmart.com,1986-04-02
Justin Laying,jlayingq5@state.tx.us,1989-07-07
Sadye Goodger,sgoodgerq6@answers.com,1980-09-11
Natalee Farris,nfarrisq7@vimeo.com,1999-07-02
Rhodie Summerlad,rsummerladq8@sbwire.com,2001-12-04
Shalna Alfonzo,salfonzoq9@disqus.com,1989-07-29
Roch Rimmer,rrimmerqa@usgs.gov,2002-06-29
Cara Francis,cfrancisqb@java.com,1990-12-31
Cinda Connaughton,cconnaughtonqc@biglobe.ne.jp,2002-01-03
Rosalyn Ewbanks,rewbanksqd@e-recht24.de,1989-07-03
Lyssa Yokelman,lyokelmanqe@goo.ne.jp,1996-04-30
Eartha Dunston,edunstonqf@java.com,1994-08-11
Isidoro Lineen,ilineenqi@macromedia.com,1988-10-24
Akim Wortman,awortmanqj@deviantart.com,2001-10-13
Malinda Hallahan,mhallahanqk@cyberchimps.com,2000-11-18
Pat Garrood,pgarroodql@geocities.com,1987-04-25
Lindi Alliberton,lallibertonqm@hibu.com,1999-05-11
Angel Dunbar,adunbarqn@tamu.edu,1995-06-30
Gill Wann,gwannqo@edublogs.org,1981-08-19
Maximilien Gatheral,mgatheralqq@sourceforge.net,1993-07-25
Alyosha Gocher,agocherqr@ycombinator.com,1993-08-03
Kylie Henker,khenkerqs@prnewswire.com,1993-06-05
Nicolis Cussins,ncussinsqt@merriam-webster.com,2002-07-26
Papagena Wreight,pwreightqu@hubpages.com,1998-04-21
Ethelyn Hucke,ehuckeqv@forbes.com,1982-02-27
Barn Venning,bvenningqw@nih.gov,2002-11-03
Paula Priden,ppridenqx@live.com,1997-03-28
Thaine Leggis,tleggisqy@mapy.cz,1988-04-14
Daisy Conisbee,dconisbeeqz@mozilla.org,1985-05-24
Laurianne Arrighini,larrighinir0@edublogs.org,1980-04-18
Prudy Craister,pcraisterr1@oakley.com,1991-04-28
Karleen Iddy,kiddyr3@arizona.edu,2003-09-01
Johannes Tupling,jtuplingr5@jugem.jp,1998-04-17
Ibbie Washbrook,iwashbrookr6@buzzfeed.com,1981-09-06
Susi La Wille,slawiller7@bloomberg.com,1988-09-23
Cally Slayton,cslaytonr9@list-manage.com,2001-12-27
Cesaro McIlraith,cmcilraithra@army.mil,1995-12-08
Chelsey McInnes,cmcinnesrb@sbwire.com,1981-11-13
Lezley Croughan,lcroughanrd@psu.edu,1988-07-26
Cordie Knowller,cknowllerre@people.com.cn,1985-08-30
Eugine Millyard,emillyardrf@privacy.gov.au,1999-10-05
Graig Obin,gobinrg@java.com,1995-06-16
Stefan Ludy,sludyrh@twitpic.com,1995-09-25
Kary Hacon,khaconri@nifty.com,1995-01-23
Frances Tett,ftettrj@cdbaby.com,1982-01-18
Thedric Daniells,tdaniellsrl@msn.com,1988-05-14
Salvatore Woodworth,swoodworthrm@cisco.com,1998-01-22
Dorita Kleinmann,dkleinmannrn@addtoany.com,1983-06-24
Keir Kunkel,kkunkelro@mac.com,1992-09-19
Bald Whitley,bwhitleyrp@pbs.org,1991-07-28
Lurlene Southworth,lsouthworthrq@oakley.com,1988-11-29
Delmar Ungaretti,dungarettirr@unc.edu,1991-09-24
